ID,first_name,last_name,company_name,address,city,state,post,phone1,phone2,email,web,default_product_type,ignore
0001,Rebbecca,Didio,"Brandt, Jonathan F Esq",171 E 24th St,Leith,TAS,7315,03-8174-9123,0458-665-290,rebbecca.didio@didio.com.au,http://www.brandtjonathanfesq.com.au,Toys,Appliances
0002,Stevie,Hallo,Landrum Temporary Services,22222 Acoma St,Proston,QLD,4613,07-9997-3366,0497-622-620,stevie.hallo@hotmail.com,http://www.landrumtemporaryservices.com.au,Groceries,
0003,Mariko,Stayer,"Inabinet, Macre Esq",534 Schoenborn St #51,Hamel,WA,6215,08-5558-9019,0427-885-282,mariko_stayer@hotmail.com,http://www.inabinetmacreesq.com.au,Groceries,
0004,Gerardo,Woodka,Morris Downing & Sherred,69206 Jackson Ave,Talmalmo,NSW,2640,02-6044-4682,0443-795-912,gerardo_woodka@hotmail.com,http://www.morrisdowningsherred.com.au,Groceries,
0005,Mayra,Bena,"Buelt, David L Esq",808 Glen Cove Ave,Lane Cove,NSW,1595,02-1455-6085,0453-666-885,mayra.bena@gmail.com,http://www.bueltdavidlesq.com.au,Appliances,
0006,Idella,Scotland,Artesian Ice & Cold Storage Co,373 Lafayette St,Cartmeticup,WA,6316,08-7868-1355,0451-966-921,idella@hotmail.com,http://www.artesianicecoldstorageco.com.au,Electronics,
0007,Sherill,Klar,Midway Hotel,87 Sylvan Ave,Nyamup,WA,6258,08-6522-8931,0427-991-688,sklar@hotmail.com,http://www.midwayhotel.com.au,Electronics,
0008,Ena,Desjardiws,"Selsor, Robert J Esq",60562 Ky Rt 321,Bendick Murrell,NSW,2803,02-5226-9402,0415-961-606,ena_desjardiws@desjardiws.com.au,http://www.selsorrobertjesq.com.au,Toys,
0009,Vince,Siena,Vincent J Petti & Co,70 S 18th Pl,Purrawunda,QLD,4356,07-3184-9989,0411-732-965,vince_siena@yahoo.com,http://www.vincentjpettico.com.au,Electronics,
0010,Theron,Jarding,"Prentiss, Paul F Esq",8839 Ventura Blvd,Blanchetown,SA,5357,08-6890-4661,0461-862-457,tjarding@hotmail.com,http://www.prentisspaulfesq.com.au,Electronics,
0011,Amira,Chudej,Public Works Department,3684 N Wacker Dr,Rockside,QLD,4343,07-8135-3271,0478-867-289,amira.chudej@chudej.net.au,http://www.publicworksdepartment.com.au,Appliances,
0012,Marica,Tarbor,Prudential Lighting Corp,68828 S 32nd St #6,Rosegarland,TAS,7140,03-1174-6817,0494-982-617,marica.tarbor@hotmail.com,http://www.prudentiallightingcorp.com.au,Appliances,
0013,Shawna,Albrough,"Wood, J Scott Esq",43157 Cypress St,Ringwood,QLD,4343,07-7977-6039,0441-255-802,shawna.albrough@albrough.com.au,http://www.woodjscottesq.com.au,Toys,
0014,Paulina,Maker,Swanson Peterson Fnrl Home Inc,6 S Hanover Ave,Maylands,WA,6931,08-8344-8929,0420-123-282,paulina_maker@maker.net.au,http://www.swansonpetersonfnrlhomeinc.com.au,Appliances,
0015,Rose,Jebb,Old Cider Mill Grove,27916 Tarrytown Rd,Wooloowin,QLD,4030,07-4941-9471,0496-441-929,rose@jebb.net.au,http://www.oldcidermillgrove.com.au,Computers,
0016,Reita,Tabar,Cooper Myers Y Co,79620 Timber Dr,Arthurville,NSW,2820,02-3518-7078,0431-669-863,rtabar@hotmail.com,http://www.coopermyersyco.com.au,Groceries,
0017,Maybelle,Bewley,Angelo International,387 Airway Cir #62,Mapleton,QLD,4560,07-9387-7293,0448-221-640,mbewley@yahoo.com,http://www.angelointernational.com.au,Computers,
0018,Camellia,Pylant,"Blackley, William J Pa",570 W Pine St,Tuggerawong,NSW,2259,02-5171-4345,0423-446-913,camellia_pylant@gmail.com,http://www.blackleywilliamjpa.com.au,Groceries,
0019,Roy,Nybo,Phoenix Phototype,823 Fishers Ln,Red Hill,ACT,2603,02-5311-7778,0416-394-795,rnybo@nybo.net.au,http://www.phoenixphototype.com.au,Appliances,
0020,Albert,Sonier,Quartzite Processing Inc,4 Brookcrest Dr #7786,Inverlaw,QLD,4610,07-9354-2612,0420-575-355,albert.sonier@gmail.com,http://www.quartziteprocessinginc.com.au,Toys,
0021,Hayley,Taghon,Biltmore Textile Co Inc,72 Wyoming Ave,Eugowra,NSW,2806,02-1638-4380,0491-976-291,htaghon@taghon.net.au,http://www.biltmoretextilecoinc.com.au,Toys,
0022,Norah,Daleo,Gateway Refrigeration,754 Sammis Ave,Kotara Fair,NSW,2289,02-5322-6127,0462-327-613,ndaleo@daleo.net.au,http://www.gatewayrefrigeration.com.au,Appliances,
0023,Rosina,Sidhu,Anchorage Yamaha,660 N Green St,Burpengary,QLD,4505,07-6460-4488,0458-753-924,rosina_sidhu@gmail.com,http://www.anchorageyamaha.com.au,Groceries,
0024,Royal,Costeira,Wynns Precision Inc Az Div,970 Waterloo Rd,Ellis Beach,QLD,4879,07-5338-6357,0480-443-612,royal_costeira@costeira.com.au,http://www.wynnsprecisionincazdiv.com.au,Groceries,
0025,Barrie,Nicley,Paragon Cable Tv,4129 Abbott Dr,Fish Creek,VIC,3959,03-6443-2786,0455-270-505,bnicley@nicley.com.au,http://www.paragoncabletv.com.au,Groceries,
0026,Linsey,Gedman,Eagle Computer Services Inc,1529 Prince Rodgers Ave,Kennedy,QLD,4816,07-4785-3781,0433-965-131,lgedman@gedman.net.au,http://www.eaglecomputerservicesinc.com.au,Toys,
0027,Laura,Bourbonnais,Kansas Association Ins Agtts,2 N Valley Mills Dr,Cape Portland,TAS,7264,03-6543-6688,0491-455-112,laura.bourbonnais@yahoo.com,http://www.kansasassociationinsagtts.com.au,Computers,
0028,Fanny,Stoneking,"Di Giacomo, Richard F Esq",50968 Kurtz St #45,Warra,QLD,4411,07-3721-9123,0465-778-983,fstoneking@hotmail.com,http://www.digiacomorichardfesq.com.au,Electronics,
0029,Kristian,Ellerbusch,"Butler, Frank B Esq",71585 S Ayon Ave #9,Wanguri,NT,810,08-2748-1250,0442-982-316,kristian@yahoo.com,http://www.butlerfrankbesq.com.au,Computers,
0030,Gwen,Julye,Alphagraphics Printshops,8 Old County Rd #3,Alvie,VIC,3249,03-7063-6734,0465-547-766,gjulye@hotmail.com,http://www.alphagraphicsprintshops.com.au,Toys,
0031,Ben,Majorga,Voyager Travel Service,13904 S 35th St,Wherrol Flat,NSW,2429,02-8171-9051,0462-648-621,ben.majorga@hotmail.com,http://www.voyagertravelservice.com.au,Toys,
0032,Trina,Oto,N Amer Plast & Chemls Co Inc,6149 Kapiolani Blvd #6,Placid Hills,QLD,4343,07-1153-8567,0460-377-727,trina@oto.com.au,http://www.namerplastchemlscoinc.com.au,Computers,
0033,Emelda,Geffers,D L Downing General Contr Inc,95431 34th Ave #62,Nedlands,WA,6909,08-7097-3947,0454-643-433,emelda.geffers@gmail.com,http://www.dldowninggeneralcontrinc.com.au,Appliances,
0034,Zana,Ploszaj,Community Insurance Agy Inc,25 Swift Ave,Auchenflower,QLD,4066,07-7991-8880,0430-656-502,zana_ploszaj@ploszaj.net.au,http://www.communityinsuranceagyinc.com.au,Groceries,
0035,Shaun,Rael,House Of Ing,14304 Old Alexandria Ferry Rd,Buninyong,VIC,3357,03-8998-5485,0498-627-281,shaun.rael@rael.com.au,http://www.houseofing.com.au,Computers,
0036,Oren,Lobosco,Vei Inc,1585 Salem Church Rd #59,Dangar Island,NSW,2083,02-5046-1307,0495-838-492,olobosco@hotmail.com,http://www.veiinc.com.au,Toys,
0037,Catherin,Aguele,"Hanna, Robert J Esq",75962 E Drinker St,Sunny Nook,QLD,4605,07-6476-1399,0444-150-950,caguele@gmail.com,http://www.hannarobertjesq.com.au,Groceries,
0038,Pearlene,Boudrie,Design Rite Homes Inc,8978 W Henrietta Rd,Minden,QLD,4311,07-4463-7223,0462-627-260,pboudrie@boudrie.net.au,http://www.designritehomesinc.com.au,Toys,
0039,Kathryn,Bonalumi,State Library,86 Worth St #272,Tibradden,WA,6532,08-3071-2258,0455-699-311,kathryn.bonalumi@yahoo.com,http://www.statelibrary.com.au,Toys,
0040,Suzan,Landa,Vista Grande Baptist Church,15 Campville Rd #191,Clermont,QLD,4721,07-1576-1412,0471-251-939,suzan.landa@gmail.com,http://www.vistagrandebaptistchurch.com.au,Electronics,
0041,Sommer,Agar,Poole Publications Inc,3 N Ridge Ave,Kadina,SA,5554,08-9130-3372,0486-599-199,sagar@agar.net.au,http://www.poolepublicationsinc.com.au,Groceries,
0042,Keena,Rebich,Affilated Consulting Group Inc,3713 Poway Rd,Sawtell,NSW,2452,02-4972-3570,0468-708-802,krebich@rebich.net.au,http://www.affilatedconsultinggroupinc.com.au,Electronics,
0043,Rupert,Hinkson,Northwestern Mutual Life Ins,1 E 17th St,East Gosford,NSW,2250,02-7160-2066,0489-430-358,rupert_hinkson@hinkson.net.au,http://www.northwesternmutuallifeins.com.au,Toys,
0044,Aleta,Poarch,Barrett Burke Wilson Castl,5 Liberty Ave,Fosterville,VIC,3557,03-2691-1298,0419-138-629,apoarch@gmail.com,http://www.barrettburkewilsoncastl.com.au,Toys,
0045,Jamal,Korczynski,Helricks Inc,404 Broxton Ave,Bateau Bay,NSW,2261,02-3877-9654,0427-970-674,jamal_korczynski@gmail.com,http://www.helricksinc.com.au,Computers,
0046,Luz,Broccoli,"Wynn, Mary Ellen Esq",4 S Main St #285,Glenmoral,QLD,4719,07-2679-1774,0416-525-908,luz_broccoli@hotmail.com,http://www.wynnmaryellenesq.com.au,Electronics,
0047,Janessa,Ruthers,Mackraft Signs,1255 W Passaic St #1553,Bolivia,NSW,2372,02-2367-6845,0410-358-989,janessa@yahoo.com,http://www.mackraftsigns.com.au,Electronics,
0048,Lavonne,Esco,Ansaring Answering Service,377 Excalibur Dr,East Melbourne,VIC,3002,03-3474-2120,0444-359-546,lavonne.esco@yahoo.com,http://www.ansaringansweringservice.com.au,Computers,
0049,Honey,Lymaster,Joiner & Goudeau Law Offices,7 Wilshire Blvd,Taringa,QLD,4068,07-8087-2603,0411-717-109,honey_lymaster@lymaster.net.au,http://www.joinergoudeaulawoffices.com.au,Computers,
0050,Jean,Cecchinato,"Cox, J Thomas Jr",7 Hugh Wallis Rd,Koolan Island,WA,6733,08-5263-2786,0448-530-536,jean.cecchinato@gmail.com,http://www.coxjthomasjr.com.au,Appliances,
0051,Katlyn,Flitcroft,"Bill, Michael M",7177 E 14th St,Maleny,QLD,4552,07-1778-9968,0465-519-356,kflitcroft@hotmail.com,http://www.billmichaelm.com.au,Appliances,
0052,Cassie,Soros,A B C Tank Co,67765 W 11th St,Yelverton,WA,6280,08-2666-6390,0423-281-356,csoros@gmail.com,http://www.abctankco.com.au,Appliances,
0053,Rolf,Gene,"Jolley, Mark A Cpa",99968 Merced St #79,Flinders,NSW,2529,02-4458-2810,0482-882-653,rolf_gene@gene.com.au,http://www.jolleymarkacpa.com.au,Electronics,
0054,Darnell,Moothart,Melco Embroidery Systems,40 E 19th Ave,Empire Bay,NSW,2257,02-3996-9188,0419-656-117,darnell_moothart@yahoo.com,http://www.melcoembroiderysystems.com.au,Electronics,
0055,Cherilyn,Fraize,Witchs Brew,84826 Plaza Dr,Rose Bay North,NSW,2030,02-4873-1914,0468-743-337,cherilyn_fraize@fraize.net.au,http://www.witchsbrew.com.au,Appliances,
0056,Lynda,Lazzaro,Funding Equity Corp,20214 W Main St,Macks Creek,VIC,3971,03-4933-4205,0472-315-303,lynda.lazzaro@gmail.com,http://www.fundingequitycorp.com.au,Electronics,
0057,Leigha,Capelli,Saturn Of Delray,8039 Howard Ave,East Toowoomba,QLD,4350,07-4823-9785,0432-580-634,leigha.capelli@capelli.com.au,http://www.saturnofdelray.com.au,Toys,
0058,Delfina,Binnie,Motel 6,8 Austin Bluffs Pky,Bimbijy,WA,6472,08-3692-5784,0460-951-322,delfina_binnie@binnie.net.au,http://www.motel.com.au,Appliances,
0059,Carlota,Gephardt,Ultimate In Womens Apparel The,96605 Pioneer Rd,Kundabung,NSW,2441,02-5078-4389,0415-230-654,carlota.gephardt@gephardt.com.au,http://www.ultimateinwomensapparelthe.com.au,Computers,
0060,Alida,Helger,"Ballinger, Maria Chan Esq",6 Hope Rd #10,Pinnacle,QLD,4741,07-1642-3251,0412-699-567,alida@helger.com.au,http://www.ballingermariachanesq.com.au,Electronics,
0061,Donte,Resureccion,N E Industrial Distr Inc,65898 E St Nw,Watsonville,QLD,4887,07-2373-6048,0478-459-448,donte.resureccion@yahoo.com,http://www.neindustrialdistrinc.com.au,Electronics,
0062,Lou,Kriner,"Joondeph, Jerome J Esq",39 Broad St,Seaforth,NSW,2092,02-7328-3350,0496-387-592,lou.kriner@hotmail.com,http://www.joondephjeromejesq.com.au,Electronics,
0063,Dortha,Vrieze,Art In Forms,654 Seguine Ave,White Hills,TAS,7258,03-1981-6209,0430-222-319,dortha@vrieze.net.au,http://www.artinforms.com.au,Electronics,
0064,Genevive,Sanborn,Central Hudson Ent Corp,78 31st St,Bellangry,NSW,2446,02-6246-5711,0431-413-930,genevive@hotmail.com,http://www.centralhudsonentcorp.com.au,Toys,
0065,Alease,Strawbridge,"Marscher, William F Iii",35673 Annapolis Rd #190,Ascot,QLD,4359,07-3760-1546,0497-868-525,alease_strawbridge@strawbridge.com.au,http://www.marscherwilliamfiii.com.au,Computers,
0066,Veda,Mishkin,"Smith, Sean O Esq",98247 Russell Blvd,Stafford Heights,QLD,4053,07-6034-2422,0474-823-917,veda.mishkin@mishkin.com.au,http://www.smithseanoesq.com.au,Electronics,
0067,Craig,Vandersloot,Maverik Country Stores Inc,3 S Willow St #82,Bygalorie,NSW,2669,02-5487-7528,0492-408-109,craig_vandersloot@yahoo.com,http://www.maverikcountrystoresinc.com.au,Appliances,
0068,Lauran,Tovmasyan,United Christian Cmnty Crdt Un,199 Maple Ave,Boolaroo,NSW,2284,02-2546-5344,0459-680-488,ltovmasyan@tovmasyan.net.au,http://www.unitedchristiancmntycrdtun.com.au,Electronics,
0069,Aaron,Kloska,"Radecker, H Philip Jr",423 S Navajo St #56,Brookhill,QLD,4816,07-9896-4827,0473-600-733,aaron_kloska@kloska.net.au,http://www.radeckerhphilipjr.com.au,Toys,
0070,Francene,Skursky,"Cullen, Jack J Esq",5 30w W #3083,Hillston,NSW,2675,02-5941-3178,0485-944-417,francene.skursky@skursky.net.au,http://www.cullenjackjesq.com.au,Toys,
0071,Zena,Daria,Kszl Am Radio,57245 W Union Blvd #25,Ivanhoe East,VIC,3079,03-2822-8156,0466-820-981,zdaria@gmail.com,http://www.kszlamradio.com.au,Toys,
0072,Brigette,Breckenstein,"Blewett, Yvonne S",971 Northwest Blvd,Caniambo,VIC,3630,03-5722-3451,0462-308-800,brigette@breckenstein.com.au,http://www.blewettyvonnes.com.au,Computers,
0073,Jeniffer,Jezek,Sheraton Inn Atlanta Northwest,1089 Pacific Coast Hwy,Myrniong,VIC,3341,03-3268-5102,0493-644-827,jeniffer@gmail.com,http://www.sheratoninnatlantanorthwest.com.au,Computers,
0074,Selma,Elm,"Preston, Anne M Esq",6787 Emerson St,Woolamai,VIC,3995,03-9183-9493,0418-581-770,selm@elm.net.au,http://www.prestonannemesq.com.au,Electronics,
0075,Elenora,Handler,A & A Custom Rubber Stamps,8 Middletown Blvd #708,Wardering,WA,6311,08-5671-3318,0481-367-908,ehandler@yahoo.com,http://www.aacustomrubberstamps.com.au,Appliances,
0076,Nadine,Okojie,"Hirsch, Walter W Esq",56 Tank Farm Rd,Kukerin,WA,6352,08-9746-2341,0424-801-736,nadine.okojie@okojie.com.au,http://www.hirschwalterwesq.com.au,Appliances,
0077,Kristin,Shiflet,"Jones, Peter B Esq",503 Fulford Ave,Somers,VIC,3927,03-4529-7210,0488-223-788,kristin@hotmail.com,http://www.jonespeterbesq.com.au,Electronics,
0078,Melinda,Fellhauer,Sterling Institute,8275 Calle De Industrias,Wayatinah,TAS,7140,03-4387-3800,0493-258-647,melinda_fellhauer@fellhauer.com.au,http://www.sterlinginstitute.com.au,Electronics,
0079,Kirby,Litherland,Cross Western Store,92 South St,Alligator Creek,QLD,4740,07-5284-3845,0480-676-186,kirby.litherland@hotmail.com,http://www.crosswesternstore.com.au,Computers,
0080,Kent,Ivans,Demer Normann Smith Ltd,56710 Euclid Ave,Camp Mountain,QLD,4520,07-8661-4016,0429-746-524,kent_ivans@yahoo.com,http://www.demernormannsmithltd.com.au,Groceries,
0081,Dan,Platz,Ny Stat Trial Lawyers Assn,5210 E Airy St #2,Brandy Creek,QLD,4800,07-4306-1623,0441-978-907,dan_platz@hotmail.com,http://www.nystattriallawyersassn.com.au,Groceries,
0082,Millie,Pirkl,"Mann, Charles E Esq",31 Schuyler Ave,Sovereign Hill,VIC,3350,03-6023-2680,0410-688-713,millie_pirkl@gmail.com,http://www.manncharleseesq.com.au,Electronics,
0083,Moira,Qadir,Airnetics Engineering Co,661 Plummer St #963,Arno Bay,SA,5603,08-7687-4883,0471-106-909,moira.qadir@gmail.com,http://www.airneticsengineeringco.com.au,Computers,
0084,Reta,Qazi,American Pie Co Inc,1351 Simpson St,Maffra,VIC,3860,03-1974-9948,0446-105-779,reta.qazi@yahoo.com,http://www.americanpiecoinc.com.au,Electronics,
0085,Brittney,Lolley,Brown Chiropractic,2391 Pacific Blvd,Ulverstone,TAS,7315,03-4072-7094,0451-120-660,brittney@lolley.net.au,http://www.brownchiropractic.com.au,Appliances,
0086,Leandro,Bolka,Classic Video Duplication Inc,1886 2nd Ave,Wattle Hill,TAS,7172,03-8157-4609,0413-530-467,leandro_bolka@hotmail.com,http://www.classicvideoduplicationinc.com.au,Electronics,
0087,Edison,Sumera,Mcclier Corp,52404 S Clinton Ave,Bower,SA,5374,08-9114-1763,0463-377-181,edison.sumera@sumera.net.au,http://www.mccliercorp.com.au,Groceries,
0088,Breana,Cassi,Gormley Lore Murphy,405 W Lee St,Stonehaven,VIC,3221,03-2305-8627,0495-644-883,breana@yahoo.com,http://www.gormleyloremurphy.com.au,Appliances,
0089,Jarvis,Nicols,Thudium Mail Advg Company,5656 N Fiesta Blvd,East Newdegate,WA,6355,08-2117-5217,0436-246-951,jarvis@gmail.com,http://www.thudiummailadvgcompany.com.au,Electronics,
0090,Felicitas,Orlinski,Jen E Distributing Co,9 Beverly Rd #5,Emerald,VIC,3782,03-2451-1896,0444-326-506,felicitas_orlinski@orlinski.com.au,http://www.jenedistributingco.com.au,Toys,
0091,Geraldine,Neisius,Re/max Realty Services,96 Armitage Ave,Katunga,VIC,3640,03-8243-2999,0440-707-817,geraldine@gmail.com,http://www.remaxrealtyservices.com.au,Electronics,
0092,Alfred,Pacleb,Roundys Pole Fence Co,523 N Prince St,Willunga,SA,5172,08-9450-7978,0453-896-533,alfred@pacleb.net.au,http://www.roundyspolefenceco.com.au,Groceries,
0093,Leatha,Block,Chadds Ford Winery,6926 Orange Ave,Two Rocks,WA,6037,08-7635-8350,0445-211-162,leatha_block@gmail.com,http://www.chaddsfordwinery.com.au,Computers,
0094,Jacquelyne,Rosso,"Barragar, Anne L Esq",6940 Prospect Pl,Caldwell,NSW,2710,02-4565-6425,0464-763-350,jacquelyne.rosso@yahoo.com,http://www.barragarannelesq.com.au,Toys,
0095,Jonelle,Epps,Kvoo Radio,52347 San Fernando Rd,Coppabella,QLD,4741,07-8085-8351,0461-339-731,jepps@hotmail.com,http://www.kvooradio.com.au,Groceries,
0096,Rosamond,Amlin,"Donovan, William P Esq",5399 Mcwhorter Rd,Calala,NSW,2340,02-8007-5034,0438-251-615,rosamond.amlin@gmail.com,http://www.donovanwilliampesq.com.au,Groceries,
0097,Johnson,Mcenery,Overseas General Business Co,7 Hall St,Nambucca Heads,NSW,2448,02-1718-4983,0446-721-262,johnson@gmail.com,http://www.overseasgeneralbusinessco.com.au,Toys,
0098,Elliot,Scatton,Nilad Machining,5 W Allen St,Mccullys Gap,NSW,2333,02-3647-9507,0481-878-290,elliot.scatton@hotmail.com,http://www.niladmachining.com.au,Appliances,
0099,Gerri,Perra,"Byrne, Beth Hobbs",15126 Goldenwest St,Toowoomba South,QLD,4350,07-6019-7861,0416-887-937,gerri@yahoo.com,http://www.byrnebethhobbs.com.au,Computers,
0100,Rosendo,Jelsma,"Dileo, Lucille A Esq",94 I 55s S,Applecross,WA,6953,08-7712-4785,0477-239-199,rosendo_jelsma@hotmail.com,http://www.dileolucilleaesq.com.au,Electronics,
0101,Eveline,Brickhouse,First Express,288 N 168th Ave #266,Camberwell West,VIC,3124,03-9517-9800,0463-242-525,eveline@yahoo.com,http://www.firstexpress.com.au,Electronics,
0102,Laurene,Bennett,Elbin Internatl Baskets,5 Richmond Ct,North Perth,WA,6906,08-2969-2908,0468-234-875,laurene_bennett@gmail.com,http://www.elbininternatlbaskets.com.au,Groceries,
0103,Tegan,Ebershoff,Multiform Business Printing,28 Aaronwood Ave Ne,Coombell,NSW,2470,02-6604-9720,0499-760-910,tegan_ebershoff@hotmail.com,http://www.multiformbusinessprinting.com.au,Electronics,
0104,Tracie,Huro,Jin Shin Travel Agency,39701 6th Ave #1485,Pacific Heights,QLD,4703,07-1951-6787,0494-620-234,thuro@gmail.com,http://www.jinshintravelagency.com.au,Appliances,
0105,Mertie,Kazeck,Electra Gear Divsn Regal,35662 S University Blvd,Guildford,WA,6935,08-5475-6162,0446-422-535,mertie.kazeck@kazeck.com.au,http://www.electrageardivsnregal.com.au,Groceries,
0106,Clare,Bortignon,Sparta Home Center,73 Dennison St #70,Herron,WA,6210,08-9256-6135,0423-874-910,clare_bortignon@hotmail.com,http://www.spartahomecenter.com.au,Computers,
0107,Rebeca,Baley,R A C E Enterprises Inc,9591 Bayshore Rd #637,Mirrool,NSW,2665,02-7049-7728,0486-736-129,rebeca_baley@hotmail.com,http://www.raceenterprisesinc.com.au,Appliances,
0108,Nilsa,Pawell,Jersey Wholesale Fence Co Inc,57 N Weinbach Ave,Bundaberg West,QLD,4670,07-8997-8513,0486-504-582,npawell@pawell.net.au,http://www.jerseywholesalefencecoinc.com.au,Electronics,
0109,Samuel,Arellanes,"Ryan, Barry M Esq",286 Santa Rosa Ave,Lane Cove,NSW,1595,02-7995-6787,0446-710-661,samuel.arellanes@arellanes.net.au,http://www.ryanbarrymesq.com.au,Groceries,
0110,Ivette,Servantes,"Albright, Alexandra W Esq",446 Woodward Ave #1,Reservoir,VIC,3073,03-9801-9429,0488-109-742,ivette_servantes@servantes.com.au,http://www.albrightalexandrawesq.com.au,Electronics,
0111,Merrilee,Fajen,Gazette Record,1 Jenks Ave,Upper Kedron,QLD,4055,07-9104-1459,0489-493-308,merrilee@fajen.net.au,http://www.gazetterecord.com.au,Appliances,
0112,Gianna,Eilers,Cochnower Pest Control,7 Valley Blvd,Buchan,VIC,3885,03-4328-5253,0418-994-884,gianna@yahoo.com,http://www.cochnowerpestcontrol.com.au,Computers,
0113,Hyman,Phinazee,Als Village Stationers,42741 Anania Dr,Beltana,SA,5730,08-5756-9456,0446-460-955,hphinazee@yahoo.com,http://www.alsvillagestationers.com.au,Computers,
0114,Buck,Pascucci,A B C Pattern & Foundry Co,5 Shakespeare Ave,Kingswood,SA,5062,08-9279-1731,0453-818-566,buck@yahoo.com,http://www.abcpatternfoundryco.com.au,Electronics,
0115,Kenny,Leicht,Gaddis Court Reporting,245 5th Ave,Nicholls Rivulet,TAS,7112,03-6240-8274,0486-712-822,kenny@leicht.com.au,http://www.gaddiscourtreporting.com.au,Electronics,
0116,Tabetha,Bai,Howard Johnson,2 Gateway Ctr,Upper Mount Gravatt,QLD,4122,07-6813-6477,0438-141-107,tabetha.bai@gmail.com,http://www.howardjohnson.com.au,Electronics,
0117,Alonso,Popper,Sunrise Cirby Animal Hospital,3175 Northwestern Hwy,Ridgley,TAS,7321,03-7036-7071,0448-235-525,alonso_popper@hotmail.com,http://www.sunrisecirbyanimalhospital.com.au,Toys,
0118,Alonzo,Polek,Braid Electric Co,8 S Plaza Dr,Tubbut,VIC,3888,03-2403-7167,0419-100-429,alonzo_polek@polek.net.au,http://www.braidelectricco.com.au,Groceries,
0119,Son,Magnotta,"Lisko, Roy K Esq",8 Collins Ave,Collingullie,NSW,2650,02-2376-7653,0446-520-807,son.magnotta@magnotta.net.au,http://www.liskoroykesq.com.au,Toys,
0120,Jesusita,Druck,House Of Ing,9526 Lincoln St,Munno Para,SA,5115,08-3605-3943,0424-741-530,jesusita@druck.net.au,http://www.houseofing.com.au,Appliances,
0121,Annice,Kunich,"Hassanein, Nesa E Esq",406 E 4th St,Tyagarah,NSW,2481,02-6769-6153,0449-775-616,annice_kunich@kunich.net.au,http://www.hassaneinnesaeesq.com.au,Groceries,
0122,Delila,Buchman,Frasier Karen L Kolligs,361 Via Colinas,Redgate,WA,6286,08-1791-7668,0454-544-286,delila.buchman@hotmail.com,http://www.frasierkarenlkolligs.com.au,Groceries,
0123,Iraida,Sionesini,Arc Of Montgomery County Inc,94 S Jefferson Rd,Modewarre,VIC,3240,03-4812-5654,0490-625-307,iraida.sionesini@yahoo.com,http://www.arcofmontgomerycountyinc.com.au,Computers,
0124,Alona,Driesenga,"Redington, Thomas P Esq",8961 S Central Expy,Stirling Range National Park,WA,6338,08-6777-4159,0428-176-191,alona_driesenga@hotmail.com,http://www.redingtonthomaspesq.com.au,Computers,
0125,Lajuana,Vonderahe,Milwaukee Courier Inc,7 Wiley Post Way,Trowutta,TAS,7330,03-5661-2424,0430-111-686,lajuana.vonderahe@yahoo.com,http://www.milwaukeecourierinc.com.au,Groceries,
0126,Madelyn,Maestri,Mervis Steel Co,60 S 4th St,Rouse Hill,NSW,2155,02-2129-8131,0413-115-438,madelyn.maestri@yahoo.com,http://www.mervissteelco.com.au,Electronics,
0127,Louann,Susmilch,M Sorkin Sanford Associates,6 Lafayette St #3034,Wyandra,QLD,4489,07-5035-4889,0489-594-290,louann_susmilch@yahoo.com,http://www.msorkinsanfordassociates.com.au,Appliances,
0128,William,Devol,Low Country Kitchen & Bath,35 Jefferson Ave,Goondi Hill,QLD,4860,07-4963-5297,0485-183-917,wdevol@devol.net.au,http://www.lowcountrykitchenbath.com.au,Groceries,
0129,Corazon,Grafenstein,Spieker Properties,3492 88th St,Hill River,WA,6521,08-1624-7236,0481-500-964,cgrafenstein@gmail.com,http://www.spiekerproperties.com.au,Toys,
0130,Fairy,Burket,Walker & Brehn Pa,20 Sw 28th Ter,Fairview Park,SA,5126,08-9159-7562,0472-806-350,fairy_burket@burket.com.au,http://www.walkerbrehnpa.com.au,Groceries,
0131,Lashawn,Urion,U Stor,6 Argyle Rd,Bar Beach,NSW,2300,02-4794-6673,0436-337-750,lurion@yahoo.com,http://www.ustor.com.au,Computers,
0132,Ronald,Gayner,"Moorhead, Michael D Esq",438 E Reynolds Rd #239,University Of Tasmania,TAS,7005,03-7734-9557,0499-737-220,rgayner@hotmail.com,http://www.moorheadmichaeldesq.com.au,Electronics,
0133,Shizue,Hayduk,R M Sloan Co Inc,47 Hall St,Regent West,VIC,3072,03-2297-9891,0456-480-906,shayduk@gmail.com,http://www.rmsloancoinc.com.au,Groceries,
0134,Nida,Fitz,Star Limousine,17720 Beach Blvd,Oxley,QLD,4075,07-7445-2572,0473-495-435,nfitz@hotmail.com,http://www.starlimousine.com.au,Computers,
0135,Amos,Limberg,Pioneer Telephone Paging,8 2nd St,Don,TAS,7310,03-4539-9131,0492-444-651,alimberg@limberg.com.au,http://www.pioneertelephonepaging.com.au,Electronics,
0136,Dexter,Prosienski,Communication Buildings Amer,490 Court St,Nyora,VIC,3987,03-2454-6523,0472-707-132,dexter@prosienski.net.au,http://www.communicationbuildingsamer.com.au,Toys,
0137,Ludivina,Calamarino,Components & Equipment Co,1456 Hill Rd,Croydon,QLD,4871,07-5378-4498,0482-267-844,lcalamarino@yahoo.com,http://www.componentsequipmentco.com.au,Electronics,
0138,Ariel,Stavely,Grand Rapids Right To Life,6 7th St,Scottsdale,TAS,7260,03-6510-4788,0441-579-823,ariel_stavely@stavely.com.au,http://www.grandrapidsrighttolife.com.au,Appliances,
0139,Haley,Vaughn,Martin Nighswander & Mitchell,29 Nottingham Way #926,Montrose,VIC,3765,03-7035-6484,0430-736-276,haley_vaughn@vaughn.net.au,http://www.martinnighswandermitchell.com.au,Groceries,
0140,Raelene,Legeyt,Barter Systems Inc,8818 Century Park E #33,Oak Park,VIC,3046,03-4878-1766,0463-745-755,raelene@gmail.com,http://www.bartersystemsinc.com.au,Appliances,
0141,Micaela,Shiflett,W R Grace & Co,4 Commerce Center Dr,Nailsworth,SA,5083,08-8856-8589,0451-514-152,micaela_shiflett@shiflett.com.au,http://www.wrgraceco.com.au,Appliances,
0142,Alpha,Prudhomme,"Davis, J Mark Esq",979 S La Cienega Blvd #627,Tarong,QLD,4615,07-9053-8045,0464-687-686,aprudhomme@hotmail.com,http://www.davisjmarkesq.com.au,Computers,
0143,Zack,Warman,Roswell Honda Partners,9181 E 26th St,Kensington Park,SA,5068,08-9948-2940,0414-749-850,zwarman@gmail.com,http://www.roswellhondapartners.com.au,Toys,
0144,Wilford,Pata,Era Mclachlan John Morgan Real,8855 North Ave,Ashmore,QLD,4214,07-7445-2538,0445-797-121,wilford_pata@pata.net.au,http://www.eramclachlanjohnmorganreal.com.au,Toys,
0145,Carman,Robasciotti,"Vaughan, James J Esq",4 Spinning Wheel Ln,Granya,VIC,3701,03-1570-9956,0420-704-683,carman_robasciotti@hotmail.com,http://www.vaughanjamesjesq.com.au,Appliances,
0146,Carylon,Bayot,Wzyx 1440 Am,5905 S 32nd St,Alexandra,VIC,3714,03-8858-7088,0475-926-458,carylon@gmail.com,http://www.wzyxam.com.au,Electronics,
0147,Gladys,Schmale,Amercn Spdy Printg Ctrs Ocala,514 Glenn Way,Wirrulla,SA,5661,08-4564-2338,0410-812-931,gschmale@schmale.net.au,http://www.amercnspdyprintgctrsocala.com.au,Toys,
0148,Matilda,Peleg,A & D Pallet Co,708 S Wilson Way,Weymouth,TAS,7252,03-1130-5685,0481-222-272,matilda.peleg@hotmail.com,http://www.adpalletco.com.au,Appliances,
0149,Jacklyn,Wojnar,Nationwide Insurance,16949 Harristown Rd,Summer Hill,NSW,2287,02-6287-8787,0434-382-805,jacklyn@hotmail.com,http://www.nationwideinsurance.com.au,Electronics,
0150,Tashia,Charney,"Gallagher, Owen Esq",9 13th Ave S,Shailer Park,QLD,4128,07-7659-5711,0450-769-383,tashia.charney@charney.net.au,http://www.gallagherowenesq.com.au,Computers,
0151,Dorian,Eischens,Thomas Somerville Co,1 Rock Island Rd #8,Bell,NSW,2786,02-7739-6600,0428-946-162,deischens@gmail.com,http://www.thomassomervilleco.com.au,Groceries,
0152,Jesus,Merkt,Unr Rohn,1554 Bracken Crk,Licola,VIC,3858,03-9341-9757,0492-739-675,jesus_merkt@merkt.net.au,http://www.unrrohn.com.au,Groceries,
0153,Brandee,Svoboda,Cath Lea For Relig & Cvl Rgts,7 10th St W,Walyormouring,WA,6460,08-3614-5966,0419-644-936,brandee_svoboda@svoboda.net.au,http://www.cathleaforreligcvlrgts.com.au,Toys,
0154,Edda,Mcquaide,Eagles Nest,9 Cron Hill Dr,Boronia,VIC,3155,03-1465-8645,0416-330-811,emcquaide@yahoo.com,http://www.eaglesnest.com.au,Groceries,
0155,Felix,Bumby,Epsilon Products Company,82 Tremont St #4,Baddaginnie,VIC,3670,03-1431-3996,0485-718-212,felix.bumby@bumby.com.au,http://www.epsilonproductscompany.com.au,Groceries,
0156,Ben,Kellman,"Anderson, Julie A Esq",30024 Whipple Ave Nw,Berrilee,NSW,2159,02-7968-9243,0441-733-809,ben_kellman@kellman.net.au,http://www.andersonjulieaesq.com.au,Appliances,
0157,Mickie,Upton,Oakey & Oakey Abstrct Burnett,900 W Wood St,Barmaryee,QLD,4703,07-7647-5420,0499-576-666,mickie.upton@yahoo.com,http://www.oakeyoakeyabstrctburnett.com.au,Appliances,
0158,Phung,Krome,Pacific Scientific Co,847 Norristown Rd,Longford,TAS,7301,03-9617-5392,0417-815-258,pkrome@yahoo.com,http://www.pacificscientificco.com.au,Appliances,
0159,Lashonda,Langanke,"Krausert, Diane D Esq",667 S Highland Dr #4,Simson,VIC,3465,03-9838-7533,0491-793-730,lashonda@langanke.net.au,http://www.krausertdianedesq.com.au,Toys,
0160,Patria,Popa,Blaney Sheet Metal,21 W 2nd St,Killabakh,NSW,2429,02-6522-3993,0493-319-728,patria.popa@gmail.com,http://www.blaneysheetmetal.com.au,Appliances,
0161,Nidia,Horr,"Goodknight, David R",2 W Henrietta Rd #6,Paluma,QLD,4816,07-8441-8214,0437-170-488,nidia@gmail.com,http://www.goodknightdavidr.com.au,Computers,
0162,Skye,Culcasi,Sullivan & Associates Ltd,82655 Shawnee Mission Pky #5798,Barnawartha,VIC,3688,03-9075-3104,0451-601-420,skye_culcasi@hotmail.com,http://www.sullivanassociatesltd.com.au,Toys,
0163,Kanisha,Reyelts,American Board Of Surgery,9 Taylor Ave,Holwell,TAS,7275,03-2921-8418,0423-358-965,kreyelts@yahoo.com,http://www.americanboardofsurgery.com.au,Computers,
0164,Hector,Barras,Vernon Manor Hotel,62 J St #450,Combienbar,VIC,3889,03-3017-8394,0438-431-666,hector.barras@barras.com.au,http://www.vernonmanorhotel.com.au,Groceries,
0165,Stefan,Mongolo,Keith Altizer & Company Pa,2 Pennington St,Port Adelaide,SA,5015,08-4563-6214,0495-777-435,stefan_mongolo@mongolo.net.au,http://www.keithaltizercompanypa.com.au,Computers,
0166,Francoise,Byon,H P Stran & Co,5496 Ne Columbia Blvd,Klemzig,SA,5087,08-3914-9404,0430-357-187,francoise@hotmail.com,http://www.hpstranco.com.au,Electronics,
0167,Lindy,Vandermeer,Southern National Bank S Car,4244 Lucas Creek Rd,Emu Park,QLD,4710,07-9407-9202,0417-325-352,lindy@vandermeer.com.au,http://www.southernnationalbankscar.com.au,Computers,
0168,Arthur,Diniz,American Western Mortgage,79819 Palmetto Ave,Travancore,VIC,3032,03-2517-3453,0429-206-122,arthur@gmail.com,http://www.americanwesternmortgage.com.au,Toys,
0169,Nicholle,Hulme,Oxner Vallerie,7 N Glenn Rd,Whetstone,QLD,4387,07-7144-4719,0476-915-729,nicholle_hulme@hulme.com.au,http://www.oxnervallerie.com.au,Electronics,
0170,Tijuana,Mesch,Rochelle Cold Storage,61 Center St #8,Corella,QLD,4570,07-1415-9307,0444-393-673,tijuana_mesch@gmail.com,http://www.rochellecoldstorage.com.au,Groceries,
0171,Lorenza,Schoenleber,Mail Boxes Etc,562 Nw Cornell Rd,Humpty Doo,NT,836,08-8081-7779,0445-830-408,lorenza.schoenleber@schoenleber.com.au,http://www.mailboxesetc.com.au,Appliances,
0172,Iola,Baird,Xandex Inc,48 General George Patton Dr #8611,Goode Beach,WA,6330,08-2325-5905,0482-635-206,ibaird@baird.net.au,http://www.xandexinc.com.au,Groceries,
0173,Sang,Weigner,"Hander, Deborah G Esq",9 W Passaic St,Heidelberg Rgh,VIC,3081,03-8912-5755,0419-565-485,sweigner@gmail.com,http://www.handerdeborahgesq.com.au,Groceries,
0174,Leonor,Prez,Vinco Furniture Inc,968 Delaware Ave,Waterloo,NSW,2017,02-7463-8776,0466-155-348,lprez@prez.com.au,http://www.vincofurnitureinc.com.au,Toys,
0175,Silvana,Whelpley,Stamp House,548 Charmonie Ln,Minyip,VIC,3392,03-5175-6193,0489-343-254,swhelpley@yahoo.com,http://www.stamphouse.com.au,Groceries,
0176,Anthony,Stever,Burton & Davis,91114 Grand Ave,Hunchy,QLD,4555,07-7092-8542,0495-801-419,anthony.stever@hotmail.com,http://www.burtondavis.com.au,Appliances,
0177,Wenona,Carmel,"Maier, Kristine M",44 Bush St,Grosvenor Place,NSW,1220,02-2832-1545,0439-849-209,wenona@gmail.com,http://www.maierkristinem.com.au,Electronics,
0178,Isadora,Yurick,J M Edmunds Co Inc,6 Mahler Rd,Pacific Paradise,QLD,4564,07-9595-6042,0412-855-847,iyurick@hotmail.com,http://www.jmedmundscoinc.com.au,Computers,
0179,Mose,Vonseggern,Art Concepts,1 E Main St,Hungerford,QLD,4493,07-5769-8004,0467-531-601,mose_vonseggern@hotmail.com,http://www.artconcepts.com.au,Toys,
0180,Marci,Aveline,"Richards, Don R Esq",58 State St #998,Boya,WA,6056,08-3342-3889,0447-443-927,marci.aveline@hotmail.com,http://www.richardsdonresq.com.au,Toys,
0181,Michel,Hoyne,B & B Environmental Inc,11408 Green St,Elizabeth West,SA,5113,08-6183-9260,0481-466-206,michel@hoyne.com.au,http://www.bbenvironmentalinc.com.au,Toys,
0182,Stephania,Connon,Printing Delite,297 8th Ave S #9,Gumly Gumly,NSW,2652,02-5725-5992,0416-443-185,stephania.connon@connon.com.au,http://www.printingdelite.com.au,Appliances,
0183,Charolette,Turk,Weil Mclain Co,1 Wyckoff Ave,Wilmington,SA,5485,08-4735-5054,0430-400-899,cturk@yahoo.com,http://www.weilmclainco.com.au,Computers,
0184,Katie,Magro,"Jones, Andrew D Esq",8 E North Ave,Pagewood,NSW,2035,02-7265-9702,0439-832-641,katie_magro@gmail.com,http://www.jonesandrewdesq.com.au,Groceries,
0185,Inocencia,Angeron,South Adams Savings Bank,13386 Tamarco Dr #20,Tawonga,VIC,3697,03-6268-2647,0482-712-669,inocencia.angeron@angeron.net.au,http://www.southadamssavingsbank.com.au,Computers,
0186,Nikita,Novosel,Universal Granite & Marble Inc,70 W Market St #20,Hamlyn Heights,VIC,3215,03-5716-1053,0470-886-805,nikita_novosel@novosel.net.au,http://www.universalgranitemarbleinc.com.au,Electronics,
0187,Malcolm,Gohlke,Imagelink,53247 Montgomery St #36,Southtown,QLD,4350,07-9826-3950,0450-887-422,malcolm@yahoo.com,http://www.imagelink.com.au,Groceries,
0188,Desiree,Englund,Wrrr Fm,9495 Central Hwy #66,East Bowes,WA,6535,08-5289-4594,0414-731-630,denglund@gmail.com,http://www.wrrrfm.com.au,Toys,
0189,Holley,Worland,Lord Aeck & Sargent Architects,2 Route 9,Blue Haven,NSW,2262,02-9885-9593,0469-808-491,holley.worland@hotmail.com,http://www.lordaecksargentarchitects.com.au,Toys,
0190,Maryann,Tates,Dalbec Agency Inc,75700 Academy Rd,Cramphorne,WA,6420,08-1520-4093,0479-474-917,mtates@yahoo.com,http://www.dalbecagencyinc.com.au,Computers,
0191,Ling,Dibello,Reese Press Inc,6 Monte Ave,Beelbi Creek,QLD,4659,07-1330-6750,0444-175-406,ling_dibello@yahoo.com,http://www.reesepressinc.com.au,Groceries,
0192,Hailey,Kopet,"Stokes, Fred J Esq",5 France Ave S,Tanbar,QLD,4481,07-3799-1667,0443-979-875,hailey_kopet@kopet.com.au,http://www.stokesfredjesq.com.au,Appliances,
0193,Farrah,Malboeuf,"Slachter, David Esq",803 Tupper Ln,Ringwood,VIC,3134,03-7139-6376,0472-511-112,farrah@malboeuf.com.au,http://www.slachterdavidesq.com.au,Groceries,
0194,Candra,Deritis,Girling Health Care Inc,43 Nolan St,Battery Point,TAS,7004,03-4231-3633,0439-769-439,candra@deritis.net.au,http://www.girlinghealthcareinc.com.au,Computers,
0195,Reuben,Hegland,Welders Supply Service Inc,6 W 39th St,Milton,NSW,2538,02-1402-5215,0489-476-500,reuben@yahoo.com,http://www.welderssupplyserviceinc.com.au,Electronics,
0196,Anglea,Andrion,"Engelbrecht, William H Esq",910 21st St,Laura,QLD,4871,07-3239-2830,0442-946-694,anglea.andrion@andrion.com.au,http://www.engelbrechtwilliamhesq.com.au,Electronics,
0197,Paris,Tuccio,Nancy Brandon Realtor,2677 S Jackson St,Kidman Park,SA,5025,08-8868-2010,0417-281-870,paris.tuccio@hotmail.com,http://www.nancybrandonrealtor.com.au,Computers,
0198,Latricia,Schmoyer,Flanagan Lieberman Hoffman,6 Central Ave #4,Woodville,SA,5011,08-5444-3296,0459-945-995,latricia_schmoyer@hotmail.com,http://www.flanaganliebermanhoffman.com.au,Toys,
0199,Jeffrey,Leuenberger,Walter W Lawrence Ink,564 Almeria Ave #7474,Pedler Creek,SA,5171,08-1267-4421,0436-612-609,jleuenberger@yahoo.com,http://www.walterwlawrenceink.com.au,Appliances,
0200,Dean,Vollstedt,Ship It Packaging Inc,4 Grand St,Muckleford South,VIC,3462,03-6776-1146,0492-559-630,dvollstedt@vollstedt.com.au,http://www.shipitpackaginginc.com.au,Electronics,
0201,Deane,Haag,Malsbary Mfg Co,9 Hamilton Blvd #299,Sydney South,NSW,1235,02-9718-2944,0453-828-758,dhaag@hotmail.com,http://www.malsbarymfgco.com.au,Electronics,
0202,Edelmira,Pedregon,Independence Marine Corp,50638 Northwest Blvd,Bandy Creek,WA,6450,08-8484-3223,0454-458-365,edelmira_pedregon@hotmail.com,http://www.independencemarinecorp.com.au,Toys,
0203,Andrew,Keks,Anthonys,51 Bridge Ave,Carwarp,VIC,3494,03-5251-3153,0499-155-325,andrew@gmail.com,http://www.anthonys.com.au,Toys,
0204,Miesha,Decelles,L M H Inc,457 St Sebastian Way #189,Eltham,VIC,3095,03-5185-6258,0440-277-657,mdecelles@decelles.net.au,http://www.lmhinc.com.au,Appliances,
0205,Javier,Osmer,Milgo Industrial Inc,6 Ackerman Rd,Doncaster East,VIC,3109,03-8369-6924,0489-202-570,javier@osmer.com.au,http://www.milgoindustrialinc.com.au,Computers,
0206,Kizzy,Stangle,"Rogers, Clay M Esq",8 W Lake St #1,Welbungin,WA,6477,08-1937-3980,0474-218-755,kizzy.stangle@yahoo.com,http://www.rogersclaymesq.com.au,Appliances,
0207,Sharan,Wodicka,Usa Asbestos Co,8454 6  17 M At Bradleys,Shenton Park,WA,6008,08-4712-2157,0413-129-424,sharan@wodicka.net.au,http://www.usaasbestosco.com.au,Electronics,
0208,Novella,Fritch,"Voils, Otis V",5 Ellestad Dr,Girraween,NSW,2145,02-2612-1455,0458-731-791,nfritch@fritch.com.au,http://www.voilsotisv.com.au,Electronics,
0209,German,Dones,Oaz Communications,9 N Nevada Ave,Woronora,NSW,2232,02-2393-3289,0495-882-447,german@gmail.com,http://www.oazcommunications.com.au,Appliances,
0210,Robt,Blanck,Elan Techlgy A Divsn Mansol,790 E Wisconsin Ave,Woodbury,TAS,7120,03-6517-9318,0415-690-961,robt.blanck@yahoo.com,http://www.elantechlgyadivsnmansol.com.au,Appliances,
0211,Rossana,Biler,Norfolk County Newton Lung,60481 N Clark St,Lee Point,NT,810,08-9855-2125,0461-569-843,rossana.biler@biler.net.au,http://www.norfolkcountynewtonlung.com.au,Appliances,
0212,Henriette,Gish,Parker Bush & Lane Pc,43 E Main St,Baranduda,VIC,3691,03-9935-5135,0413-952-396,henriette.gish@gish.net.au,http://www.parkerbushlanepc.com.au,Groceries,
0213,Buffy,Stitely,Stylecraft Corporation,5 Madison St #4651,Police Point,TAS,7116,03-1600-5230,0451-121-905,buffy_stitely@stitely.com.au,http://www.stylecraftcorporation.com.au,Groceries,
0214,Christiane,Osmanski,"Bennett, Matthew T Esq",85 Nw Frontage Rd,Williamstown,WA,6430,08-9693-9052,0418-813-310,christiane@gmail.com,http://www.bennettmatthewtesq.com.au,Computers,
0215,Annamae,Lothridge,Highland Meadows Golf Club,584 Meridian St #997,Civic Square,ACT,2608,02-1919-3941,0495-759-817,alothridge@hotmail.com,http://www.highlandmeadowsgolfclub.com.au,Appliances,
0216,Vanesa,Glockner,"Nelson, Michael J Esq",28220 Park Avenue W,Taragoola,QLD,4680,07-7052-4547,0496-610-278,vanesa@glockner.com.au,http://www.nelsonmichaeljesq.com.au,Electronics,
0217,Gennie,Pastorino,"Henry, Robert J Esq",5 Austin Ave,Charleston,SA,5244,08-4753-2870,0425-685-933,gennie.pastorino@gmail.com,http://www.henryrobertjesq.com.au,Toys,
0218,Tamra,Kenfield,Mackraft Signs,481 925n N #959,Kealy,WA,6280,08-5614-9153,0438-378-139,tkenfield@kenfield.com.au,http://www.mackraftsigns.com.au,Toys,
0219,Tien,Kinney,Orco State Empl Fed Crdt Un,9 9th St #4,Lillimur,VIC,3420,03-7767-6169,0468-244-186,tien_kinney@kinney.com.au,http://www.orcostateemplfedcrdtun.com.au,Computers,
0220,Malcom,Leja,"Johnsen, Robert U Esq",56232 Hohman Ave,Officer,VIC,3809,03-2477-9133,0412-417-394,malcom@leja.com.au,http://www.johnsenrobertuesq.com.au,Electronics,
0221,Claudia,Gawrych,Abe Goldstein Ofc Furn,3 Wall St #26,Lilli Pilli,NSW,2229,02-4246-3092,0465-885-293,claudia@gmail.com,http://www.abegoldsteinofcfurn.com.au,Toys,
0222,Page,Entzi,Roland Ashcroft,63154 Artesia Blvd,Blue Rocks,TAS,7255,03-2484-5500,0497-335-342,page@entzi.net.au,http://www.rolandashcroft.com.au,Appliances,
0223,Lorita,Roches,Village Meadows,32 E Poythress St,Westminster,WA,6061,08-2358-3115,0436-530-773,lorita_roches@roches.net.au,http://www.villagemeadows.com.au,Groceries,
0224,Annita,Lek,Busada Manufacturing Corp,86274 Howell Mill Rd Nw,Karama,NT,812,08-3384-3181,0426-888-203,annita.lek@lek.net.au,http://www.busadamanufacturingcorp.com.au,Groceries,
0225,Eliseo,Mikovec,Air Flow Co Inc,25488 Brickell Ave,Ocean Shores,NSW,2483,02-9829-2371,0497-955-472,emikovec@mikovec.com.au,http://www.airflowcoinc.com.au,Electronics,
0226,Tyisha,Layland,Freitag Pc,270 5th Ave,Eastwood,SA,5063,08-2158-6758,0490-478-206,tyisha@yahoo.com,http://www.freitagpc.com.au,Groceries,
0227,Colene,Tolbent,Saw Repair & Supply Co,891 Union Pacific Ave #8463,Gloucester,NSW,2422,02-4376-1104,0466-541-467,colene.tolbent@tolbent.net.au,http://www.sawrepairsupplyco.com.au,Appliances,
0228,Francis,Senters,Middendorf Meat Quality Foods,4562 Aurora Ave N,Heidelberg Rgh,VIC,3081,03-5933-7288,0463-965-946,fsenters@gmail.com,http://www.middendorfmeatqualityfoods.com.au,Toys,
0229,Hester,Dollins,Eagle Plywood & Door Mfrs Inc,4864 N 168th Ave,The Risk,NSW,2474,02-1622-6412,0473-268-319,hester_dollins@gmail.com,http://www.eagleplywooddoormfrsinc.com.au,Groceries,
0230,Susana,Baumgarter,"Leigh, Lewis R Esq",7 Elm Ave,Yanco,NSW,2703,02-5410-5137,0491-209-954,susana.baumgarter@yahoo.com,http://www.leighlewisresq.com.au,Electronics,
0231,Dahlia,Tummons,Bare Bones,6508 Adams St #32,Port Fairy,VIC,3284,03-8216-8640,0430-768-907,dahlia.tummons@gmail.com,http://www.barebones.com.au,Electronics,
0232,Osvaldo,Falvey,"Avila, Edward G Esq",6434 Westchester Ave #28,Queenton,QLD,4820,07-4854-5045,0437-545-265,osvaldo.falvey@yahoo.com,http://www.avilaedwardgesq.com.au,Computers,
0233,Armando,Barkley,Oregon Handling Equip Co,70680 S Rider Trl,Watercarrin,WA,6407,08-8161-8201,0465-254-471,armando.barkley@yahoo.com,http://www.oregonhandlingequipco.com.au,Computers,
0234,Torie,Deras,"Reynolds, Stephen R Esq",700 Factory Ave #5649,Yeppoon,QLD,4703,07-8371-4719,0426-991-115,torie_deras@yahoo.com,http://www.reynoldsstephenresq.com.au,Electronics,
0235,Tamie,Hollimon,Credit Union Of The Rockies,3 Cherokee St,Bobalong,WA,6320,08-7046-5484,0423-870-900,tamie@hollimon.com.au,http://www.creditunionoftherockies.com.au,Groceries,
0236,Lettie,Hessenthaler,"Sullivan, John M Esq",76542 W Bijou St,Wurdiboluc,VIC,3241,03-5855-5156,0454-956-810,lettie_hessenthaler@hessenthaler.net.au,http://www.sullivanjohnmesq.com.au,Toys,
0237,Chaya,Muhlbauer,Henry D Lederman,44009 W 63rd #269,North Dandalup,WA,6207,08-5943-4352,0469-609-289,chaya_muhlbauer@muhlbauer.net.au,http://www.henrydlederman.com.au,Electronics,
0238,Terina,Wildeboer,"Burress, S Paige Esq",462 Morris Ave,Seddon,VIC,3011,03-9107-7349,0438-810-326,terina_wildeboer@wildeboer.com.au,http://www.burressspaigeesq.com.au,Toys,
0239,Lisbeth,Agney,Dynetics,1 El Camino Real #603,Hindmarsh,WA,6462,08-1184-4145,0449-675-754,lisbeth.agney@agney.net.au,http://www.dynetics.com.au,Computers,
0240,Lillian,Dominique,West Pac Environmental Inc,92417 Arbuckle Ct,Julia Creek,QLD,4823,07-3594-6592,0490-548-561,lillian@hotmail.com,http://www.westpacenvironmentalinc.com.au,Appliances,
0241,Corrina,Lindblom,Progressive Machine Co,1 Westpark Dr,Salter Point,WA,6152,08-7915-5110,0463-118-373,clindblom@gmail.com,http://www.progressivemachineco.com.au,Appliances,
0242,Dylan,Chaleun,Berhanu International Foods,5 Montana Ave,Lilydale,QLD,4344,07-2319-2889,0412-631-864,dylan_chaleun@hotmail.com,http://www.berhanuinternationalfoods.com.au,Appliances,
0243,Jerrod,Luening,"Mcmillan, Regina E Esq",6629 Main St,Tea Gardens,NSW,2324,02-9554-9632,0451-857-511,jerrod_luening@luening.com.au,http://www.mcmillanreginaeesq.com.au,Electronics,
0244,Gracie,Vicente,Central Nebraska Home Care,4 W 18th St,Oxley,VIC,3678,03-2444-8291,0420-776-847,gracie.vicente@hotmail.com,http://www.centralnebraskahomecare.com.au,Toys,
0245,Barabara,Amedro,Unicircuit Inc,95412 16th St #6,Yallah,NSW,2530,02-3449-6894,0467-209-469,barabara@amedro.net.au,http://www.unicircuitinc.com.au,Computers,
0246,Delsie,Ducos,F H Overseas Export Inc,17 Kamehameha Hwy,Cavendish,VIC,3314,03-1361-8465,0458-548-827,dducos@hotmail.com,http://www.fhoverseasexportinc.com.au,Computers,
0247,Cassie,Digregorio,"Musgrave, R Todd Esq",8650 S Valley View Bld #6941,Condobolin,NSW,2877,02-7922-5417,0433-677-495,cdigregorio@digregorio.net.au,http://www.musgravertoddesq.com.au,Toys,
0248,Tamekia,Kajder,Santek Inc,16 Talmadge Rd,West Tamworth,NSW,2340,02-7498-8576,0418-218-423,tamekia_kajder@yahoo.com,http://www.santekinc.com.au,Appliances,
0249,Johanna,Saffer,Springer Industrial Equip Inc,750 Lancaster Ave,Campsie,NSW,2194,02-5970-1748,0477-424-229,johanna@yahoo.com,http://www.springerindustrialequipinc.com.au,Electronics,
0250,Sharita,Kruk,"Long, Robert B Jr",8808 Northern Blvd,Merrylands,NSW,2160,02-7386-4544,0442-976-132,sharita_kruk@gmail.com,http://www.longrobertbjr.com.au,Computers,
0251,Gerald,Chrusciel,"Prusax, Maximilian M Esq",76596 Pleasant Hill Rd,Townsville Milpo,QLD,4813,07-7446-6315,0426-833-750,gerald@chrusciel.net.au,http://www.prusaxmaximilianmesq.com.au,Computers,
0252,Ardella,Dieterich,Custom Jig Grinding,94 Delta Fair Blvd #2702,Runnymede,QLD,4615,07-3581-9462,0426-488-593,ardella.dieterich@yahoo.com,http://www.customjiggrinding.com.au,Appliances,
0253,Jackie,Kellebrew,Senior Village Nursing Home,25 Sw End Blvd #609,Coominya,QLD,4311,07-9840-6419,0448-206-407,jackie.kellebrew@kellebrew.com.au,http://www.seniorvillagenursinghome.com.au,Computers,
0254,Mabelle,Ramero,"Mchale, Joseph G Esq",15258 W Charleston Blvd,Aroona,QLD,4551,07-8857-6463,0427-579-588,mabelle.ramero@ramero.net.au,http://www.mchalejosephgesq.com.au,Groceries,
0255,Jonell,Biasi,Pestmaster Services Inc,75 Ryan Dr #70,Duramana,NSW,2795,02-5095-2983,0486-778-453,jbiasi@biasi.net.au,http://www.pestmasterservicesinc.com.au,Appliances,
0256,Linwood,Wessner,Moorhead Associates Inc,9634 South St,Saltwater River,TAS,7186,03-6053-2447,0487-913-509,linwood.wessner@hotmail.com,http://www.moorheadassociatesinc.com.au,Electronics,
0257,Samira,Heninger,Alb Inc,40490 Morrow St,Bluff,QLD,4702,07-9512-2457,0443-539-658,sheninger@yahoo.com,http://www.albinc.com.au,Electronics,
0258,Julieta,Cropsey,Atrium Marketing Inc,9 Commerce Cir,Kingaroy,QLD,4610,07-4217-6258,0420-286-404,julieta@yahoo.com,http://www.atriummarketinginc.com.au,Electronics,
0259,Serita,Barthlow,Machine Design Service Inc,190 34th St #8,Nangetty,WA,6522,08-2941-7378,0493-703-129,serita_barthlow@gmail.com,http://www.machinedesignserviceinc.com.au,Appliances,
0260,Tori,Tepley,Mcwhirter Realty Corp,1036 Malone Rd,Uarbry,NSW,2329,02-2493-1870,0449-807-281,tori@tepley.net.au,http://www.mcwhirterrealtycorp.com.au,Appliances,
0261,Nancey,Whal,National Mortgage Co,398 Fort Campbell Blvd #923,Cudgera Creek,NSW,2484,02-3248-3283,0426-612-418,nancey@whal.net.au,http://www.nationalmortgageco.com.au,Appliances,
0262,Wilbert,Beckes,"Alvis, John W Esq",2799 Cajon Blvd,East Nanango,QLD,4615,07-9178-6430,0455-947-547,wilbert@hotmail.com,http://www.alvisjohnwesq.com.au,Computers,
0263,Werner,Hermens,Community Health Law Project,302 N 10th St #3896,Oakleigh South,VIC,3167,03-9085-5714,0462-625-869,whermens@hermens.net.au,http://www.communityhealthlawproject.com.au,Appliances,
0264,Sunny,Catton,Highway Rentals Inc,79346 Firestone Blvd,Gununa,QLD,4871,07-1217-9907,0450-440-670,scatton@catton.com.au,http://www.highwayrentalsinc.com.au,Electronics,
0265,Keva,Moehring,Rapid Reproductions Printing,37564 Grace Ln,Salamander Bay,NSW,2317,02-9187-4769,0448-465-944,keva.moehring@moehring.net.au,http://www.rapidreproductionsprinting.com.au,Electronics,
0266,Mary,Dingler,Autocrat Inc,470 W Irving Park Rd,Bundaberg North,QLD,4670,07-3963-4469,0452-920-972,mary.dingler@gmail.com,http://www.autocratinc.com.au,Toys,
0267,Huey,Bukovac,Venino And Venino,6 Jefferson St,Middleton,SA,5213,08-5236-2143,0486-924-555,huey.bukovac@hotmail.com,http://www.veninoandvenino.com.au,Toys,
0268,Antonio,Eighmy,Corporex Companies Inc,1758 Park Pl,Eaglemont,VIC,3084,03-6144-7318,0438-100-197,antonio.eighmy@yahoo.com,http://www.corporexcompaniesinc.com.au,Appliances,
0269,Quinn,Weissbrodt,Economy Stainless Supl Co Inc,7659 Market St,Premer,NSW,2381,02-7239-9923,0432-253-912,qweissbrodt@weissbrodt.com.au,http://www.economystainlesssuplcoinc.com.au,Appliances,
0270,Carin,Georgiades,Dgstv Diseases Cnslnts,95830 Webster Dr,Trott Park,SA,5158,08-8343-3550,0475-701-279,cgeorgiades@gmail.com,http://www.dgstvdiseasescnslnts.com.au,Groceries,
0271,Jill,Davoren,Broaches Inc,26 Old William Penn Hwy,Boynewood,QLD,4626,07-1698-9047,0468-451-905,jill_davoren@davoren.net.au,http://www.broachesinc.com.au,Groceries,
0272,Sanjuana,Goodness,Woods Manufactured Housing,343 E Main St,Maraylya,NSW,2765,02-2208-2711,0436-444-424,sgoodness@goodness.net.au,http://www.woodsmanufacturedhousing.com.au,Appliances,
0273,Elin,Koerner,Theos Software Corp,8 Cabot Rd,Wayville,SA,5034,08-5221-9700,0472-281-671,elin_koerner@koerner.com.au,http://www.theossoftwarecorp.com.au,Toys,
0274,Charlena,Decamp,Stanco Metal Products Inc,8 Allied Dr,Burnside,WA,6285,08-7615-2416,0469-445-592,charlena@gmail.com,http://www.stancometalproductsinc.com.au,Electronics,
0275,Annette,Breyer,Xyvision Inc,26921 Vassar St,Daradgee,QLD,4860,07-5417-9612,0484-806-405,abreyer@hotmail.com,http://www.xyvisioninc.com.au,Computers,
0276,Alexis,Morguson,Carrera Casting Corp,9 Old York Rd #418,Weetulta,SA,5573,08-1895-1457,0475-760-952,amorguson@morguson.com.au,http://www.carreracastingcorp.com.au,Groceries,
0277,Princess,Saffo,Asian Jewelry,12398 Duluth St,Auburn,NSW,1835,02-2656-6234,0467-758-219,princess_saffo@hotmail.com,http://www.asianjewelry.com.au,Electronics,
0278,Ashton,Sutherburg,Southwark Corporation,960 S Arroyo Pkwy,South Hobart,TAS,7004,03-9215-3224,0427-327-492,asutherburg@gmail.com,http://www.southwarkcorporation.com.au,Groceries,
0279,Elmer,Redlon,Kdhl Am Radio,53 Euclid Ave,Forbes,NSW,2871,02-1075-4690,0463-757-229,elmer@hotmail.com,http://www.kdhlamradio.com.au,Toys,
0280,Aliza,Akiyama,"Kelly, Charles G Esq",700 Wilmson Rd,Forest Reefs,NSW,2798,02-9324-7803,0445-609-538,aliza@yahoo.com,http://www.kellycharlesgesq.com.au,Appliances,
0281,Ora,Handrick,Fennessey Buick Inc,466 Hillsdale Ave,Rocklands,VIC,3401,03-8357-4617,0411-111-689,ora.handrick@gmail.com,http://www.fennesseybuickinc.com.au,Computers,
0282,Brent,Ahlborn,Apex Bottle Co,86351 Pine Ave,Oaklands Park,SA,5046,08-4563-9520,0492-994-709,bahlborn@ahlborn.com.au,http://www.apexbottleco.com.au,Appliances,
0283,Tora,Telch,Shamrock Food Service,6139 Contractors Dr #450,Buckland Park,SA,5120,08-8808-8104,0429-419-390,tora@telch.net.au,http://www.shamrockfoodservice.com.au,Electronics,
0284,Hildred,Eilbeck,Plastic Supply Inc,83 Longhurst Rd,Longwood,SA,5153,08-2922-4115,0463-881-817,hildred_eilbeck@eilbeck.net.au,http://www.plasticsupplyinc.com.au,Electronics,
0285,Dante,Freiman,Gaylord,76 Daylight Way #7,Varsity Lakes,QLD,4227,07-1964-4238,0432-682-937,dante_freiman@freiman.net.au,http://www.gaylord.com.au,Groceries,
0286,Emmanuel,Avera,Bank Of New York Na,3883 N Central Ave,Appin,NSW,2560,02-1987-8525,0498-489-459,emmanuel@yahoo.com,http://www.bankofnewyorkna.com.au,Computers,
0287,Keshia,Wasp,"Cole, Gary D Esq",75 E Main,Adelaide River,NT,846,08-1683-9243,0439-885-729,kwasp@wasp.net.au,http://www.colegarydesq.com.au,Toys,
0288,Sherman,Mahmud,"Gencheff, Nelson E Do",9 Memorial Pky Nw,Harris Park,NSW,2150,02-2621-3361,0468-488-918,sherman@mahmud.com.au,http://www.gencheffnelsonedo.com.au,Groceries,
0289,Lore,Brothers,American General Finance,70086 Division St #3,Kallista,VIC,3791,03-8780-3473,0449-337-116,lore@hotmail.com,http://www.americangeneralfinance.com.au,Appliances,
0290,Shawn,Weibe,"Feutz, James F Esq",4 Middletown Blvd #33,Camena,TAS,7316,03-9480-9611,0456-595-946,shawn@hotmail.com,http://www.feutzjamesfesq.com.au,Appliances,
0291,Karima,Cheever,Kwik Kopy Printing & Copying,20907 65s S,Woodberry,NSW,2322,02-5977-8561,0416-963-557,karima_cheever@hotmail.com,http://www.kwikkopyprintingcopying.com.au,Appliances,
0292,Francesco,Kloos,Borough Clerk,82136 Post Rd,Rocky Gully,WA,6397,08-1687-4873,0420-185-206,fkloos@kloos.com.au,http://www.boroughclerk.com.au,Toys,
0293,King,Picton,U S Rentals,3 W Pioneer Dr,Preston Beach,WA,6215,08-7605-2080,0468-322-703,king@hotmail.com,http://www.usrentals.com.au,Groceries,
0294,Mica,Simco,Katz Brothers Market Inc,5610 Holliday Rd,Brigalow,QLD,4412,07-1037-3391,0471-169-302,msimco@gmail.com,http://www.katzbrothersmarketinc.com.au,Toys,
0295,Lamonica,Princiotta,Grossman Tuchman & Shah,29133 Hammond Dr #1,Beermullah,WA,6503,08-5227-2620,0425-628-359,lamonica@hotmail.com,http://www.grossmantuchmanshah.com.au,Toys,
0296,Curtis,Ware,American Inst Muscl Studies,51 Greenwood Ave,Ridgewood,WA,6030,08-6278-9532,0484-331-585,curtis@ware.net.au,http://www.americaninstmusclstudies.com.au,Computers,
0297,Sabrina,Rabena,Joyces Submarine Sandwiches,327 Ward Pky,Bayles,VIC,3981,03-5662-3542,0486-768-529,sabrina_rabena@hotmail.com,http://www.joycessubmarinesandwiches.com.au,Groceries,
0298,Denae,Saeteun,"Domurad, John M Esq",52680 W Hwy 55 #59,Moorabbin Airport,VIC,3194,03-2802-7434,0410-539-386,denae_saeteun@hotmail.com,http://www.domuradjohnmesq.com.au,Electronics,
0299,Anastacia,Carranzo,Debbies Golden Touch,654 Se 29th St,Waratah West,NSW,2298,02-6078-3417,0481-193-115,anastacia@yahoo.com,http://www.debbiesgoldentouch.com.au,Electronics,
0300,Irving,Plocica,"Johnston, George M Esq",65 Clayton Rd,Cullulleraine,VIC,3496,03-9050-2741,0465-434-187,irving@hotmail.com,http://www.johnstongeorgemesq.com.au,Computers,
0301,Elenor,Siefken,Chateau Sonesta Hotel,136 2nd Ave N,Cairns City,QLD,4870,07-5085-8138,0419-509-353,elenor.siefken@yahoo.com,http://www.chateausonestahotel.com.au,Electronics,
0302,Mary,Irene,Superior Trading Co,3 N Michigan Ave,Warding East,WA,6405,08-8012-6469,0411-620-740,mirene@gmail.com,http://www.superiortradingco.com.au,Toys,
0303,Crista,Padua,Breathitt Fnrl Home & Mnmt Co,1607 Laurel St,North Haven,NSW,2443,02-9472-5814,0471-602-916,crista_padua@gmail.com,http://www.breathittfnrlhomemnmtco.com.au,Computers,
0304,Lawana,Yuasa,Viking Lodge,77818 Prince Drew Rd,Cape Paterson,VIC,3995,03-2324-3472,0456-330-756,lawana_yuasa@yuasa.net.au,http://www.vikinglodge.com.au,Electronics,
0305,Maryrose,Cove,Brown Bear Bait Company,1 Vogel Rd,Cabramatta,NSW,2166,02-8010-8344,0440-811-454,mcove@hotmail.com,http://www.brownbearbaitcompany.com.au,Computers,
0306,Lindsey,Rathmann,Pakzad Advertising,5 Main St,Kongorong,SA,5291,08-1269-1489,0499-741-651,lindsey_rathmann@rathmann.com.au,http://www.pakzadadvertising.com.au,Groceries,
0307,Lynelle,Koury,Jean Barbara Ltd,7696 Carey Ave,Digby,VIC,3309,03-5213-8219,0462-987-152,lynelle.koury@koury.net.au,http://www.jeanbarbaraltd.com.au,Appliances,
0308,Brice,Bogacz,"Thurmon, Steven P",76 San Pablo Ave,Sedan,SA,5353,08-5203-2193,0467-821-930,bbogacz@hotmail.com,http://www.thurmonstevenp.com.au,Electronics,
0309,Laine,Killean,"Bussard, Vicki L Esq",767 9th Ave Sw,Braybrook,VIC,3019,03-2813-6426,0411-276-383,laine@gmail.com,http://www.bussardvickilesq.com.au,Toys,
0310,Rachael,Crawley,Stamell Tabacco & Schager,82 Hopkins Plz,Inkpen,WA,6302,08-2089-8553,0459-738-842,rachael@gmail.com,http://www.stamelltabaccoschager.com.au,Appliances,
0311,Della,Selestewa,Aztech Controls Inc,64 Prairie Ave,Gillieston Heights,NSW,2321,02-4885-8382,0456-162-659,della.selestewa@gmail.com,http://www.aztechcontrolsinc.com.au,Toys,
0312,Thomasena,Graziosi,Hutchinson Inc,5 Jackson St,Neerabup,WA,6031,08-4849-4417,0434-497-618,thomasena@gmail.com,http://www.hutchinsoninc.com.au,Toys,
0313,Frederic,Schimke,Curtis & Curtis Inc,705 Stanwix St,Mount Martha,VIC,3934,03-4829-5695,0435-982-307,fschimke@schimke.com.au,http://www.curtiscurtisinc.com.au,Computers,
0314,Halina,Dellen,"Roane, Matthew H Esq",3318 Buckelew Ave,Appila,SA,5480,08-6742-2308,0478-235-293,halina.dellen@dellen.com.au,http://www.roanematthewhesq.com.au,Computers,
0315,Ryann,Riston,Best Western Gloucester Inn,38494 Port Reading Ave,Milton,QLD,4064,07-9920-3550,0423-341-752,ryann@hotmail.com,http://www.bestwesterngloucesterinn.com.au,Computers,
0316,Shawn,Vugteveen,Shine,81 Us Highway 9,Etty Bay,QLD,4858,07-3103-8372,0480-561-819,svugteveen@vugteveen.net.au,http://www.shine.com.au,Appliances,
0317,Leah,Milsap,"Schwartz, Seymour I Md",45 Mountain View Ave,Lower Hermitage,SA,5131,08-4040-9192,0452-193-155,leah@milsap.com.au,http://www.schwartzseymourimd.com.au,Electronics,
0318,Ira,Zihal,American Express Publshng Corp,6 W Meadow St,Degilbo,QLD,4621,07-4724-9987,0466-603-340,ira.zihal@yahoo.com,http://www.americanexpresspublshngcorp.com.au,Electronics,
0319,Paris,Kinnison,Saratoga Land Office,2 Old Corlies Ave,Eastern Heights,QLD,4305,07-4518-4450,0454-257-906,paris.kinnison@gmail.com,http://www.saratogalandoffice.com.au,Electronics,
0320,Shayne,Sundahl,"Jaywork, John Terence Esq",5614 Public Sq,Normanville,SA,5204,08-8587-1196,0443-386-213,shayne.sundahl@gmail.com,http://www.jayworkjohnterenceesq.com.au,Appliances,
0321,Ernestine,Paavola,Northbros Co Divsn Natl Svc,6 E Gloria Switch Rd #96,Yorkrakine,WA,6409,08-1140-6357,0414-354-955,ernestine.paavola@paavola.com.au,http://www.northbroscodivsnnatlsvc.com.au,Groceries,
0322,Eleonore,Everline,Psychotherapy Associates,1 Us Highway 206,Kialla East,VIC,3631,03-5355-5505,0497-442-813,eeverline@hotmail.com,http://www.psychotherapyassociates.com.au,Appliances,
0323,Misty,Leriche,K J N Advertising Inc,5289 Ramblewood Dr,Glen Boughton,QLD,4871,07-5486-1002,0414-661-490,mleriche@yahoo.com,http://www.kjnadvertisinginc.com.au,Groceries,
0324,Na,Hodges,Automatic Feed Co,5 Aquarium Pl #1,Ongerup,WA,6336,08-8215-1588,0444-777-459,na_hodges@hotmail.com,http://www.automaticfeedco.com.au,Computers,
0325,Juan,Knudtson,Newton Clerk,466 Lincoln Blvd,Clunes,VIC,3370,03-9173-6140,0474-730-764,juan@gmail.com,http://www.newtonclerk.com.au,Computers,
0326,Gerald,Kloepper,Pleasantville Finance Dept,42 United Dr,Pierces Creek,QLD,4355,07-4297-4607,0437-819-518,gerald@yahoo.com,http://www.pleasantvillefinancedept.com.au,Appliances,
0327,Desmond,Tarkowski,Body Part Connection,5920 E Arapahoe Rd,Andergrove,QLD,4740,07-6793-5954,0445-121-372,desmond_tarkowski@hotmail.com,http://www.bodypartconnection.com.au,Computers,
0328,Tommy,Gennusa,Cooper And Raley,2 New Brooklyn Rd,Concord West,NSW,2138,02-5444-1961,0498-290-826,tommy@hotmail.com,http://www.cooperandraley.com.au,Groceries,
0329,Adrianna,Poncio,H T Communications Group Ltd,9 34th Ave #69,Bethania,QLD,4205,07-6113-9653,0432-130-553,adrianna@poncio.com.au,http://www.htcommunicationsgroupltd.com.au,Groceries,
0330,Adaline,Galagher,Debbie Reynolds Hotel,32716 N Michigan Ave #82,Barooga,NSW,3644,02-3225-1954,0416-156-336,adaline.galagher@galagher.com.au,http://www.debbiereynoldshotel.com.au,Groceries,
0331,Tammi,Schiavi,"Crew, Robert B Esq",78 Sw Beaverton Hillsdale H,Willetton,WA,6155,08-9707-2679,0425-809-254,tammi.schiavi@hotmail.com,http://www.crewrobertbesq.com.au,Appliances,
0332,Virgilio,Phay,Reef Encrustaceans,8494 E 57th St,Stratton,WA,6056,08-8147-9584,0460-368-567,vphay@phay.com.au,http://www.reefencrustaceans.com.au,Computers,
0333,Emeline,Sotelo,Reporters Inc,46 Broadway St,Elimbah,QLD,4516,07-7240-6480,0451-790-704,emeline@gmail.com,http://www.reportersinc.com.au,Computers,
0334,Marcos,Seniff,Arizona Equipment Trnsprt Inc,228 S Tyler St,Emerald,VIC,3782,03-6340-5010,0464-786-310,marcos_seniff@gmail.com,http://www.arizonaequipmenttrnsprtinc.com.au,Appliances,
0335,Yuonne,Carabajal,Hub Manufacturing Company Inc,2714 Beach Blvd,Changerup,WA,6394,08-7432-4632,0470-345-731,ycarabajal@carabajal.com.au,http://www.hubmanufacturingcompanyinc.com.au,Toys,
0336,Gladis,Kazemi,Dippin Flavors,3266 Welsh Rd,Varsity Lakes,QLD,4227,07-6444-3666,0444-157-156,gkazemi@kazemi.net.au,http://www.dippinflavors.com.au,Toys,
0337,Muriel,Drozdowski,Harfred Oil Co,1 S Maryland Pky,Durham Downs,QLD,4454,07-5686-8088,0473-213-595,muriel_drozdowski@hotmail.com,http://www.harfredoilco.com.au,Groceries,
0338,Juliann,Dammeyer,"Wilheim, Kari A Esq",6 De Belier Rue,Bouvard,WA,6210,08-3562-8644,0492-961-209,juliann@gmail.com,http://www.wilheimkariaesq.com.au,Groceries,
0339,Reiko,Dejarme,Gilardis Frozen Food,57869 Alemany Blvd,Bentley Dc,WA,6983,08-3733-5261,0414-715-583,rdejarme@dejarme.net.au,http://www.gilardisfrozenfood.com.au,Groceries,
0340,Verdell,Garness,Ronald Massingill Pc,39 Plummer St,Thornton,NSW,2322,02-6291-7620,0474-367-875,verdell.garness@yahoo.com,http://www.ronaldmassingillpc.com.au,Computers,
0341,Arleen,Kane,"Colosi, Darryl J Esq",78717 Graves Ln,Eagle Farm,QLD,4009,07-3476-2066,0430-271-168,arleen.kane@hotmail.com,http://www.colosidarryljesq.com.au,Toys,
0342,Launa,Vanauken,"Tripuraneni, Prabhakar Md",30338 S Dunworth St,Peake,SA,5301,08-9808-2647,0423-125-880,launa@gmail.com,http://www.tripuraneniprabhakarmd.com.au,Electronics,
0343,Casandra,Gordis,Carlyle Abstract Co,6 Walnut St,Chippendale,NSW,2008,02-5808-6388,0418-327-906,casandra_gordis@gordis.com.au,http://www.carlyleabstractco.com.au,Electronics,
0344,Julio,Puccini,Streator Onized Fed Crdt Un,2244 Franquette Ave,Gorokan,NSW,2263,02-5632-9914,0452-766-262,julio@gmail.com,http://www.streatoronizedfedcrdtun.com.au,Toys,
0345,Alica,Alerte,Valley Hi Bank,9892 Hernando W,Grevillia,NSW,2474,02-6974-7785,0423-831-803,aalerte@alerte.com.au,http://www.valleyhibank.com.au,Appliances,
0346,Karol,Sarkissian,Pep Boys Manny Moe & Jack,9296 Prince Rodgers Ave,Chatsworth,NSW,2469,02-3490-2407,0419-430-467,ksarkissian@yahoo.com,http://www.pepboysmannymoejack.com.au,Electronics,
0347,Wava,Ochs,Knights Inn,9 Chandler Ave #355,Bawley Point,NSW,2539,02-1222-7812,0445-285-375,wava.ochs@gmail.com,http://www.knightsinn.com.au,Appliances,
0348,Felicitas,Gong,Telcom Communication Center,173 Howard Ave,Weengallon,QLD,4497,07-8516-6453,0470-655-661,fgong@gong.com.au,http://www.telcomcommunicationcenter.com.au,Computers,
0349,Jamie,Kushnir,Bell Electric Co,3216 W Wabansia Ave,Tuggeranong Dc,ACT,2901,02-4623-8120,0426-830-817,jamie@kushnir.net.au,http://www.bellelectricco.com.au,Appliances,
0350,Fidelia,Dampier,Signs Now,947 W Harrison St #640,Dangar Island,NSW,2083,02-8035-9997,0478-179-538,fidelia_dampier@gmail.com,http://www.signsnow.com.au,Appliances,
0351,Kris,Medich,Chieftain Four Inc,94843 Trabold Rd #59,Shannon,TAS,7030,03-6589-2556,0469-243-477,kris.medich@hotmail.com,http://www.chieftainfourinc.com.au,Appliances,
0352,Lashawna,Filan,South Carolina State Housing F,8 Lincoln Way W #6698,Greenhills,WA,6302,08-6937-4366,0488-276-458,lashawna.filan@filan.net.au,http://www.southcarolinastatehousingf.com.au,Computers,
0353,Lachelle,Andrzejewski,Lucas Cntrl Systems Prod Deeco,262 Montauk Blvd,Cherrybrook,NSW,2126,02-3416-9617,0453-493-910,lachelle.andrzejewski@andrzejewski.com.au,http://www.lucascntrlsystemsproddeeco.com.au,Appliances,
0354,Katy,Saltourides,J C S Iron Works Inc,5040 Teague Rd #65,Junee,NSW,2663,02-3003-1369,0481-278-876,katy_saltourides@yahoo.com,http://www.jcsironworksinc.com.au,Appliances,
0355,Bettyann,Fernades,Lsr Pokorny Schwartz Friedman,54648 Hylan Blvd #883,Tibradden,WA,6532,08-2901-3421,0427-971-504,bettyann@fernades.com.au,http://www.lsrpokornyschwartzfriedman.com.au,Groceries,
0356,Valda,Levay,Branom Instrument Co,7463 Elmwood Park Blvd,Tungkillo,SA,5236,08-2401-5672,0434-637-971,vlevay@levay.net.au,http://www.branominstrumentco.com.au,Toys,
0357,Lynette,Beaureguard,"Young, Craig C Md",630 E Plano Pky,Tarawera,QLD,4494,07-6679-3722,0417-544-301,lynette.beaureguard@hotmail.com,http://www.youngcraigcmd.com.au,Groceries,
0358,Victor,Laroia,Midwest Marketing Inc,166 N Maple Dr,Scotts Head,NSW,2447,02-8156-6969,0421-987-667,victor@laroia.net.au,http://www.midwestmarketinginc.com.au,Electronics,
0359,Pa,Badgero,"Korolishin, Michael Esq",20 Meadow Ln,Pakenham Upper,VIC,3810,03-1861-5074,0480-433-145,pa_badgero@badgero.com.au,http://www.korolishinmichaelesq.com.au,Electronics,
0360,Dorathy,Miskelly,Perrysburg Animal Care Inc,73 Robert S,Westerway,TAS,7140,03-6340-9772,0432-706-521,dorathy.miskelly@gmail.com,http://www.perrysburganimalcareinc.com.au,Groceries,
0361,Rodrigo,Schuh,Hospitality Design Group,512 E Idaho St,Burrier,NSW,2540,02-3869-4096,0430-503-397,rodrigo_schuh@gmail.com,http://www.hospitalitydesigngroup.com.au,Appliances,
0362,Stanford,Waganer,Ciba Geigy Corp,98021 Harwin Dr,East Nabawa,WA,6532,08-3200-1670,0479-127-500,stanford_waganer@waganer.net.au,http://www.cibageigycorp.com.au,Groceries,
0363,Michael,Orehek,"Robinson, Michael C Esq",892 Sw Broadway #8,Millers Point,NSW,2000,02-1919-1709,0482-613-598,michael_orehek@gmail.com,http://www.robinsonmichaelcesq.com.au,Appliances,
0364,Ines,Tokich,"De Woskin, Alan E Esq",192 N Sheffield Ave,Bunya Mountains,QLD,4405,07-5017-7337,0481-799-605,ines_tokich@tokich.net.au,http://www.dewoskinalaneesq.com.au,Computers,
0365,Dorinda,Markoff,Alumi Span Inc,5 Columbia Pike,Mayfield East,NSW,2304,02-6529-9317,0412-153-776,dorinda_markoff@hotmail.com,http://www.alumispaninc.com.au,Electronics,
0366,Clarence,Gabbert,M C Publishing,35983 Daubert St,Verges Creek,NSW,2440,02-4776-1384,0486-302-652,clarence.gabbert@gmail.com,http://www.mcpublishing.com.au,Appliances,
0367,Omer,Radel,Phoenix Marketing Rep Inc,678 S Main St,Hill River,WA,6521,08-9919-9540,0439-808-753,omer_radel@radel.net.au,http://www.phoenixmarketingrepinc.com.au,Appliances,
0368,Winifred,Kingshott,Remc South Eastern,532 Saint Marks Ct,Marshdale,NSW,2420,02-5318-1342,0471-558-187,winifred.kingshott@yahoo.com,http://www.remcsoutheastern.com.au,Toys,
0369,Theresia,Salomone,"Curran, Carol N Esq",1337 N 26th St,Bundall,QLD,4217,07-8250-2277,0437-687-429,theresia_salomone@gmail.com,http://www.currancarolnesq.com.au,Toys,
0370,Daisy,Kearsey,Faber Castell Corporation,556 Bernardo Cent,Mount Nasura,WA,6112,08-2127-5977,0455-503-406,dkearsey@yahoo.com,http://www.fabercastellcorporation.com.au,Computers,
0371,Aretha,Bodle,Palmetto Food Equipment Co Inc,9561 Chartres St,Parndana,SA,5220,08-7385-2716,0481-452-729,aretha_bodle@hotmail.com,http://www.palmettofoodequipmentcoinc.com.au,Computers,
0372,Bettina,Diciano,Greater Ky Corp,11999 Main St,Dripstone,NSW,2820,02-3566-7608,0472-631-448,bdiciano@diciano.com.au,http://www.greaterkycorp.com.au,Appliances,
0373,Omega,Mangino,Kajo 1270 Am Radio,495 Distribution Dr #996,Gnotuk,VIC,3260,03-6623-5501,0422-968-757,omega.mangino@hotmail.com,http://www.kajoamradio.com.au,Electronics,
0374,Dana,Vock,"Fried, Monte Esq",49 Walnut St,Yarralumla,ACT,2600,02-6689-1150,0411-398-917,dana_vock@yahoo.com,http://www.friedmonteesq.com.au,Toys,
0375,Naomi,Tuamoheloa,Dayer Real Estate Group,85 S Washington Ave,Muja,WA,6225,08-6137-1726,0430-962-223,naomi@yahoo.com,http://www.dayerrealestategroup.com.au,Appliances,
0376,Luis,Yerry,On Your Feet,72984 W 1st St,Summerhill,TAS,7250,03-4492-4927,0490-571-461,luis@hotmail.com,http://www.onyourfeet.com.au,Toys,
0377,Dominga,Barchacky,South Side Machine Works Inc,3 Ridge Rd W #949,Port Flinders,SA,5495,08-3087-9658,0412-225-824,dominga.barchacky@hotmail.com,http://www.southsidemachineworksinc.com.au,Appliances,
0378,Isreal,Calizo,Milner Inn,2 Landmeier Rd,Wombeyan Caves,NSW,2580,02-3494-3282,0455-472-994,isreal_calizo@gmail.com,http://www.milnerinn.com.au,Electronics,
0379,Myrtie,Korba,United Mortgage,82 W Market St,Dartnall,WA,6320,08-3174-2706,0412-679-832,mkorba@hotmail.com,http://www.unitedmortgage.com.au,Appliances,
0380,Jodi,Naifeh,"Cahill, Steven J Esq",89 N Himes Ave,Dural,NSW,2330,02-6193-5184,0488-646-644,jodi@hotmail.com,http://www.cahillstevenjesq.com.au,Computers,
0381,Pearly,Hedstrom,G Whitfield Richards Co,62296 S Elliott Rd #2,Wandering,WA,6308,08-3412-6699,0460-335-582,pearly@gmail.com,http://www.gwhitfieldrichardsco.com.au,Electronics,
0382,Aileen,Menez,"Cuzzo, Michael J Esq",8 S Main St,Manjimup,WA,6258,08-1196-2822,0495-852-298,aileen_menez@menez.net.au,http://www.cuzzomichaeljesq.com.au,Computers,
0383,Glory,Carlo,Swanson Travel,50808 A Pamalee Dr,Grange,QLD,4051,07-9265-7183,0490-570-424,glory_carlo@gmail.com,http://www.swansontravel.com.au,Appliances,
0384,Kathrine,Francoise,"Jackson, Brian C",30691 Poplar Ave #4,Indented Head,VIC,3223,03-8791-9436,0449-461-650,kathrine@yahoo.com,http://www.jacksonbrianc.com.au,Appliances,
0385,Domingo,Mckale,Fables Gallery,80968 Armitage Ave,Marla,SA,5724,08-9919-7850,0418-290-707,domingo_mckale@mckale.net.au,http://www.fablesgallery.com.au,Groceries,
0386,Julian,Laprade,Forsyth Steel Co,5 Pittsburg St,Mungabunda,QLD,4718,07-2627-9976,0419-587-898,jlaprade@laprade.net.au,http://www.forsythsteelco.com.au,Appliances,
0387,Marylou,Lofts,"Lally, Lawrence D Esq",812 Berry Blvd #96,Houston,VIC,3128,03-1765-4584,0473-727-909,marylou_lofts@lofts.com.au,http://www.lallylawrencedesq.com.au,Toys,
0388,Louis,Brueck,Sassy Lassie Dolls,73 12th St,Larrakeyah,NT,820,08-5228-3628,0471-229-188,louis.brueck@brueck.net.au,http://www.sassylassiedolls.com.au,Groceries,
0389,Ellsworth,Guenther,Performance Consulting Grp Inc,27730 American Ave,Docklands,VIC,3008,03-2749-1381,0442-173-327,eguenther@hotmail.com,http://www.performanceconsultinggrpinc.com.au,Appliances,
0390,Wilburn,Lary,"Padrick, Comer W Jr",72 Park Ave,Gabbadah,WA,6041,08-1042-4275,0431-743-155,wlary@lary.net.au,http://www.padrickcomerwjr.com.au,Appliances,
0391,Arlie,Borra,Analytical Laboratories,59215 W 80th St,Morundah,NSW,2700,02-1211-3823,0423-740-512,arlie.borra@gmail.com,http://www.analyticallaboratories.com.au,Computers,
0392,Alysa,Lehoux,Signs Of The Times,186 Geary Blvd #923,Trungley Hall,NSW,2666,02-1385-3480,0475-366-466,alysa@hotmail.com,http://www.signsofthetimes.com.au,Computers,
0393,Marilynn,Herrera,"Brown, Alan Esq",717 Midway Pl,Tawonga,VIC,3697,03-1447-7041,0474-199-825,marilynn.herrera@herrera.net.au,http://www.brownalanesq.com.au,Groceries,
0394,Scot,Jarva,Biancas La Petite French Bkry,68 Camden Rd,Kingswood,NSW,2550,02-9676-4462,0445-480-672,scot.jarva@jarva.com.au,http://www.biancaslapetitefrenchbkry.com.au,Electronics,
0395,Adelaide,Ender,Williams Design Group,175 N Central Ave,Greenslopes,QLD,4120,07-7538-5504,0473-505-816,aender@gmail.com,http://www.williamsdesigngroup.com.au,Toys,
0396,Jackie,Borchelt,Community Communication Servs,80896 South Ave,Grovedale,VIC,3216,03-8055-8668,0423-545-966,jackie_borchelt@hotmail.com,http://www.communitycommunicationservs.com.au,Computers,
0397,Carli,Bame,Hampton Inn Hotel,6584 S Bascom Ave #371,Elanora,QLD,4221,07-5354-7251,0499-207-236,carli@yahoo.com,http://www.hamptoninnhotel.com.au,Computers,
0398,Coletta,Thro,"Hoffman, Carl Esq",64865 Main St,North Fremantle,WA,6159,08-1991-6947,0444-915-799,coletta.thro@thro.net.au,http://www.hoffmancarlesq.com.au,Electronics,
0399,Katheryn,Lamers,Sonoco Products Co,62171 E 6th Ave,Fyshwick,ACT,2609,02-4885-1611,0497-455-126,katheryn_lamers@gmail.com,http://www.sonocoproductsco.com.au,Toys,
0400,Santos,Wisenbaker,Brattleboro Printing Inc,67729 180th St,Allworth,NSW,2425,02-2957-4812,0411-294-588,swisenbaker@wisenbaker.net.au,http://www.brattleboroprintinginc.com.au,Appliances,
0401,Kimberely,Weyman,Scientific Agrcltl Svc Inc,7721 Harrison St,Kingsway West,NSW,2208,02-7091-8948,0441-151-810,kweyman@weyman.com.au,http://www.scientificagrcltlsvcinc.com.au,Computers,
0402,Earlean,Suffern,Booster Farms,5351 E Thousand Oaks Blvd,Woodford,NSW,2463,02-9653-2199,0452-941-575,earlean.suffern@suffern.net.au,http://www.boosterfarms.com.au,Electronics,
0403,Dannette,Heimbaugh,Accent Copy Center Inc,5 Carpenter Ave,Breakaway,QLD,4825,07-8738-4205,0422-884-614,dannette@gmail.com,http://www.accentcopycenterinc.com.au,Electronics,
0404,Odelia,Hutchin,Mccaffreys Supermarket,374 Sunrise Ave,Gorrie,WA,6556,08-9895-1954,0472-399-247,odelia.hutchin@hutchin.com.au,http://www.mccaffreyssupermarket.com.au,Toys,
0405,Lina,Schwiebert,Chemex Labs Ltd,68538 N Bentz St #1451,Koorlong,VIC,3501,03-3608-5660,0487-835-113,lina@yahoo.com,http://www.chemexlabsltd.com.au,Computers,
0406,Fredric,Johanningmeie,Galaxie Displays Inc,23 S Orange Ave #55,Wardell,NSW,2477,02-1827-1736,0425-214-447,fredric@hotmail.com,http://www.galaxiedisplaysinc.com.au,Groceries,
0407,Alfreda,Delsoin,"Harris, Eric C Esq",4373 Washington St,Bongeen,QLD,4356,07-7369-8849,0419-246-570,adelsoin@yahoo.com,http://www.harrisericcesq.com.au,Electronics,
0408,Bernadine,Elamin,Tarix Printing,61550 S Figueroa St,Waverley,NSW,2024,02-1815-8700,0448-195-542,bernadine_elamin@yahoo.com,http://www.tarixprinting.com.au,Computers,
0409,Ming,Thaxton,Chem Aqua,8 N Town East Blvd,Forrest,VIC,3236,03-4010-1900,0486-557-304,mthaxton@gmail.com,http://www.chemaqua.com.au,Groceries,
0410,Gracia,Pecot,Kern Valley Printing,2452 Bango Rd,Gundaroo,NSW,2620,02-8081-3883,0472-903-534,gpecot@hotmail.com,http://www.kernvalleyprinting.com.au,Groceries,
0411,Yuette,Metevelis,American Speedy Printing Ctrs,8219 Roswell Rd Ne,North Boyanup,WA,6237,08-4700-8894,0483-854-984,yuette.metevelis@metevelis.net.au,http://www.americanspeedyprintingctrs.com.au,Electronics,
0412,Yuriko,Kazarian,Doane Products Company,3 Davis Blvd,Mouroubra,WA,6472,08-1109-5346,0476-877-991,yuriko_kazarian@gmail.com,http://www.doaneproductscompany.com.au,Computers,
0413,Hyman,Hegeman,Jerico Group,1 S Marginal Rd,Flinders University,SA,5042,08-9280-9177,0413-650-821,hyman@hotmail.com,http://www.jericogroup.com.au,Toys,
0414,Linette,Summerfield,Mortenson Broadcasting Co,78 S Robson,Crows Nest,QLD,4355,07-7489-7577,0453-580-611,linette.summerfield@hotmail.com,http://www.mortensonbroadcastingco.com.au,Electronics,
0415,Jospeh,Couzens,M & M Quality Printing,2749 Van Nuys Blvd,Panmure,VIC,3265,03-8451-7537,0452-605-630,jospeh.couzens@couzens.com.au,http://www.mmqualityprinting.com.au,Computers,
0416,Anna,Ovit,Georgia Business Machines,722 E Liberty St,Bygalorie,NSW,2669,02-4649-5341,0459-496-184,anna.ovit@hotmail.com,http://www.georgiabusinessmachines.com.au,Groceries,
0417,Shawnta,Woodhams,"Leo, Frank M",9 Gunnison St,Oakhurst,NSW,2761,02-5770-8546,0410-116-435,shawnta@woodhams.com.au,http://www.leofrankm.com.au,Appliances,
0418,Ettie,Luckenbach,S E M A,2902 Edison Dr #278,Mandurah East,WA,6210,08-9378-7021,0424-568-217,ettie@yahoo.com,http://www.sema.com.au,Appliances,
0419,Chara,Leveston,Arthur Andersen & Co,72 N Buckeye Ave,Daisy Hill,VIC,3465,03-2574-8915,0415-341-310,cleveston@gmail.com,http://www.arthurandersenco.com.au,Appliances,
0420,Lauran,Huntsberger,Triangle Engineering Inc,41 E Jackson St,Willetton,WA,6155,08-2704-3706,0476-605-889,lhuntsberger@huntsberger.net.au,http://www.triangleengineeringinc.com.au,Computers,
0421,Pansy,Todesco,"Schmidt, Charles E Jr",684 William St,Tarnagulla,VIC,3551,03-3233-4255,0467-468-894,pansy_todesco@gmail.com,http://www.schmidtcharlesejr.com.au,Groceries,
0422,Georgeanna,Silverstone,Emess Professional Svces,185 W Guadalupe Rd,Steels Creek,VIC,3775,03-7416-6750,0436-793-916,georgeanna@silverstone.net.au,http://www.emessprofessionalsvces.com.au,Groceries,
0423,Jesus,Liversedge,"White, Mark A Cpa",18514 E 4th St #8,Broken Head,NSW,2481,02-4418-5927,0467-331-796,jesus.liversedge@hotmail.com,http://www.whitemarkacpa.com.au,Electronics,
0424,Jamey,Tetter,Vicon Corporation,28 Standiford Ave #6,Bundaberg West,QLD,4670,07-6073-5039,0481-690-589,jamey.tetter@gmail.com,http://www.viconcorporation.com.au,Groceries,
0425,Alberta,Motter,Turl Engineering Works,33108 S Yosemite Ct,Port Melbourne,VIC,3207,03-1248-8221,0491-832-907,alberta_motter@hotmail.com,http://www.turlengineeringworks.com.au,Electronics,
0426,Ronald,Grube,Deep Creek Pharmacy,73778 Battery St,Happy Valley,SA,5159,08-3305-5436,0457-126-909,ronald.grube@yahoo.com,http://www.deepcreekpharmacy.com.au,Computers,
0427,Tamala,Hickie,Mister Bagel,351 Crooks Rd,Benambra,VIC,3900,03-3695-2399,0432-182-830,tamala_hickie@yahoo.com,http://www.misterbagel.com.au,Groceries,
0428,Gerry,Mohrmann,Howard Winig Realty Assocs Inc,8 Glenn Way #3,Brockman,WA,6701,08-1399-2471,0490-947-955,gerry_mohrmann@mohrmann.net.au,http://www.howardwinigrealtyassocsinc.com.au,Groceries,
0429,Isaiah,Kueter,"Jordan, Mark D Esq",8 W Virginia St,Amphitheatre,VIC,3468,03-3725-6290,0494-282-122,ikueter@kueter.com.au,http://www.jordanmarkdesq.com.au,Electronics,
0430,Magnolia,Overbough,Marin Sun Printing,65484 Bainbridge Rd,Penrith,NSW,2750,02-7947-2980,0488-624-111,moverbough@overbough.com.au,http://www.marinsunprinting.com.au,Toys,
0431,Ngoc,Guglielmina,"Verde, Louis J Esq",156 Morris St,Darke Peak,SA,5642,08-2264-5559,0490-128-503,ngoc_guglielmina@hotmail.com,http://www.verdelouisjesq.com.au,Toys,
0432,Julene,Lauretta,Convum Internatl Corp,1881 Market St,Mole Creek,TAS,7304,03-1036-9594,0451-946-241,julene.lauretta@gmail.com,http://www.convuminternatlcorp.com.au,Appliances,
0433,Magda,Lindbeck,Thomas Torto Constr Corp,6 Kings St #4790,Emerald Beach,NSW,2456,02-3713-3646,0451-383-562,magda_lindbeck@yahoo.com,http://www.thomastortoconstrcorp.com.au,Toys,
0434,Shantell,Lizama,Astromatic,9787 Dunksferry Rd,Logan Village,QLD,4207,07-5346-5917,0459-937-449,shantell.lizama@gmail.com,http://www.astromatic.com.au,Electronics,
0435,Audria,Piccinich,Kuhio Photo,13 Blanchard St #996,Coober Pedy,SA,5723,08-9757-2379,0426-175-813,audria.piccinich@gmail.com,http://www.kuhiophoto.com.au,Toys,
0436,Nickole,Derenzis,Lehigh Furn Divsn Lehigh,2 Pompton Ave,Berowra Heights,NSW,2082,02-5573-6627,0480-120-597,nderenzis@hotmail.com,http://www.lehighfurndivsnlehigh.com.au,Toys,
0437,Grover,Reynolds,Okon Inc,2867 Industrial Way,Innaloo,WA,6018,08-7785-3040,0447-228-633,grover.reynolds@gmail.com,http://www.okoninc.com.au,Electronics,
0438,Rocco,Bergstrom,"Postlewaite, Jack A Esq",850 Warwick Blvd #58,Leeman,WA,6514,08-3987-7521,0457-212-114,rocco@yahoo.com,http://www.postlewaitejackaesq.com.au,Appliances,
0439,Ethan,Quintero,Regent Consultants Corp,2 Ellis Rd,East Damboring,WA,6608,08-8280-9492,0488-425-192,ethan_quintero@quintero.com.au,http://www.regentconsultantscorp.com.au,Computers,
0440,Glynda,Sanzenbacher,Hinkson Cooper Weaver Inc,80 Monroe St,Kinglake West,VIC,3757,03-1051-7865,0451-639-283,glynda@sanzenbacher.com.au,http://www.hinksoncooperweaverinc.com.au,Computers,
0441,Yolande,Scrimsher,Spclty Fastening Systems Inc,71089 Queens Blvd,Canning Vale,WA,6155,08-2136-2433,0472-691-355,yolande@yahoo.com,http://www.spcltyfasteningsystemsinc.com.au,Toys,
0442,Twanna,Sieber,"Rudolph, William S Cpa",66094 Pioneer Rd,Upper Glastonbury,QLD,4570,07-5235-7319,0451-406-157,twanna@yahoo.com,http://www.rudolphwilliamscpa.com.au,Appliances,
0443,Rosenda,Petteway,Choo Choo Caboose At Jade Bbq,66 Congress St,Caroline Springs,VIC,3023,03-9599-4122,0438-478-951,rosenda@gmail.com,http://www.choochoocabooseatjadebbq.com.au,Electronics,
0444,Lacey,Francis,Anthony & Langford,44 105th Ave,Hunchy,QLD,4555,07-4119-3981,0415-135-989,lacey.francis@francis.net.au,http://www.anthonylangford.com.au,Electronics,
0445,Cordie,Meikle,Shapiro Bag Company,40809 Rockburn Hill Rd,Hamlyn Terrace,NSW,2259,02-8727-4906,0441-386-796,cordie.meikle@hotmail.com,http://www.shapirobagcompany.com.au,Groceries,
0446,Annalee,Graleski,Lescure Company Inc,9 Green Rd #5877,Darbys Falls,NSW,2793,02-6118-8773,0447-563-450,annalee.graleski@hotmail.com,http://www.lescurecompanyinc.com.au,Groceries,
0447,Dana,Ladeau,"Higgins, Daniel B Esq",63 W 41st Ave #93,Pinnacle,QLD,4741,07-3511-9233,0480-125-331,dana@ladeau.net.au,http://www.higginsdanielbesq.com.au,Electronics,
0448,Wai,Raddle,Dot Pitch Electronics,2 Stirrup Dr #4907,Carlsruhe,VIC,3442,03-4811-3832,0494-517-582,wai.raddle@raddle.com.au,http://www.dotpitchelectronics.com.au,Appliances,
0449,Johana,Conquest,Henri D Kahn Insurance,19 Court St,Paulls Valley,WA,6076,08-6579-7569,0442-561-392,johana@conquest.net.au,http://www.henridkahninsurance.com.au,Appliances,
0450,Tomas,Fults,Test Tools Inc,3 Hwy 61 #2491,Mirani,QLD,4754,07-1536-4805,0473-757-584,tomas_fults@fults.net.au,http://www.testtoolsinc.com.au,Appliances,
0451,Karon,Etzler,Rachmel & Company Cpa Pa,97539 Connecticut Ave Nw #3586,Buckland,TAS,7190,03-6698-8416,0432-184-936,karon@hotmail.com,http://www.rachmelcompanycpapa.com.au,Toys,
0452,Delbert,Houben,Hermann Assocs Inc Safe Mart,59 Murray Hill Pky,Mitta Mitta,VIC,3701,03-1560-6800,0417-833-905,delbert.houben@hotmail.com,http://www.hermannassocsincsafemart.com.au,Groceries,
0453,Ashleigh,Rimmer,Palmer Publications Inc,15 W 11mile Rd,Boat Harbour Beach,TAS,7321,03-5354-9557,0467-120-854,ashleigh.rimmer@hotmail.com,http://www.palmerpublicationsinc.com.au,Groceries,
0454,Nenita,Mckenna,Southern Imperial Inc,709 New Market St,Botany,NSW,1455,02-5059-2649,0419-730-349,nmckenna@yahoo.com,http://www.southernimperialinc.com.au,Appliances,
0455,Micah,Shear,United Water Resources Inc,324 Shawnee Mission Pky,Scaddan,WA,6447,08-6270-6829,0432-703-516,mshear@hotmail.com,http://www.unitedwaterresourcesinc.com.au,Computers,
0456,Stefany,Figueras,"Burke, Jonathan H Esq",37 Saint Louis Ave #292,Lenswood,SA,5240,08-2209-8647,0474-975-307,stefany@figueras.net.au,http://www.burkejonathanhesq.com.au,Appliances,
0457,Rene,Burnsworth,Nurses Ofr Newborns,80289 Victory Ave #9,Farrell Flat,SA,5416,08-8222-3171,0422-183-541,rene@burnsworth.net.au,http://www.nursesofrnewborns.com.au,Appliances,
0458,Cary,Orazine,Para Laboratories,16 Governors Dr Sw,Melrose,SA,5483,08-7718-8495,0419-720-227,cary.orazine@hotmail.com,http://www.paralaboratories.com.au,Appliances,
0459,Micheal,Ocken,New Orleans Credit Service Inc,4 E Aven #284,Freemans Waterhole,NSW,2323,02-9828-4921,0449-668-295,micheal.ocken@ocken.net.au,http://www.neworleanscreditserviceinc.com.au,Computers,
0460,Frederick,Tamburello,Signs By Berry,262 8th St,Simpsons Bay,TAS,7150,03-4800-7102,0466-921-460,frederick.tamburello@hotmail.com,http://www.signsbyberry.com.au,Toys,
0461,Burma,Noa,"Saum, Scott J Esq",79 State Route 35,Ripponlea,VIC,3185,03-6438-4586,0448-770-746,burma.noa@gmail.com,http://www.saumscottjesq.com.au,Appliances,
0462,Cherry,Roh,"Ulrich, Lawrence M Esq",75 Blackington Ave,North Cascade,WA,6445,08-5175-3585,0476-917-926,cherry_roh@yahoo.com,http://www.ulrichlawrencemesq.com.au,Toys,
0463,Gabriele,Frabotta,Stewart Levine & Davis,6 Abbott Rd,Ensay,VIC,3895,03-2689-6049,0460-834-526,gabriele_frabotta@gmail.com,http://www.stewartlevinedavis.com.au,Appliances,
0464,Clement,Chee,Bark Eater Inn,5159 Saint Ann St,Golden Point,VIC,3451,03-2775-4083,0485-660-179,clement@hotmail.com,http://www.barkeaterinn.com.au,Electronics,
0465,Beckie,Apodace,"Reich, Richard J Esq",26 Ripley St #5444,Middle Cove,NSW,2068,02-5630-3114,0469-490-273,bapodace@gmail.com,http://www.reichrichardjesq.com.au,Toys,
0466,Catrice,Fowlkes,Kappus Co,39828 Abbott Rd,Waterfront Place,QLD,4001,07-9032-5149,0418-429-485,cfowlkes@hotmail.com,http://www.kappusco.com.au,Toys,
0467,Richelle,Remillard,"Terri, Teresa Hutchens Esq",2495 Beach Blvd #557,Buraminya,WA,6452,08-6831-6370,0416-611-806,richelle.remillard@remillard.net.au,http://www.territeresahutchensesq.com.au,Electronics,
0468,Cherri,Miccio,Hong Iwai Hulbert & Kawano,3 Bustleton Ave,Balnagowan,QLD,4740,07-5626-7937,0476-736-800,cherri_miccio@gmail.com,http://www.hongiwaihulbertkawano.com.au,Toys,
0469,Dorethea,Taketa,Fraser Dante Ltd,7 N 4th St,Lower Cressbrook,QLD,4313,07-2209-2731,0436-606-487,dtaketa@taketa.net.au,http://www.fraserdanteltd.com.au,Electronics,
0470,Barb,Latina,Die Craft Stamping,1 National Plac #6619,Larrakeyah,NT,820,08-8506-7259,0443-657-148,blatina@hotmail.com,http://www.diecraftstamping.com.au,Computers,
0471,Bettye,Meray,"Sako, Bradley T Esq",248 Academy Rd,Middleton,TAS,7163,03-9424-2956,0420-742-142,bmeray@yahoo.com,http://www.sakobradleytesq.com.au,Groceries,
0472,Sherrell,Sprowl,Country Comfort,2 State Hwy,Oak Flats,NSW,2529,02-4074-4461,0417-795-558,sherrell_sprowl@hotmail.com,http://www.countrycomfort.com.au,Groceries,
0473,Ruth,Niglio,Amberley Suite Hotels,6 W Cornelia Ave,Orange Hill,QLD,4455,07-5128-8956,0428-843-553,ruth.niglio@hotmail.com,http://www.amberleysuitehotels.com.au,Groceries,
0474,Alva,Shoulders,Warren Leadership,461 S Fannin Ave,Welshpool,WA,6106,08-8329-4211,0471-940-163,alva@gmail.com,http://www.warrenleadership.com.au,Electronics,
0475,Carri,Palaspas,"Alexander, David T Esq",51255 Tea Town Rd #9,Minnenooka,WA,6532,08-6069-1579,0499-165-889,carri_palaspas@palaspas.net.au,http://www.alexanderdavidtesq.com.au,Toys,
0476,Onita,Milbrandt,Fairfield Inn By Marriott,93 Bloomfield Ave #829,Wagga Wagga South,NSW,2650,02-1157-3829,0485-105-744,onita.milbrandt@milbrandt.com.au,http://www.fairfieldinnbymarriott.com.au,Electronics,
0477,Jessenia,Sarp,Skyline Lodge & Restaurant,5775 Mechanic St #517,Wansbrough,WA,6320,08-8878-5994,0422-775-760,jsarp@hotmail.com,http://www.skylinelodgerestaurant.com.au,Groceries,
0478,Tricia,Peressini,Aviation Design,3 Industrial Blvd,Pintharuka,WA,6623,08-4326-1560,0484-192-990,tperessini@yahoo.com,http://www.aviationdesign.com.au,Computers,
0479,Stephaine,Manin,"Malmon, Alvin S Esq",8202 Cornwall Rd,Eumundi,QLD,4562,07-2031-6566,0438-847-885,stephaine_manin@yahoo.com,http://www.malmonalvinsesq.com.au,Toys,
0480,Florinda,Gudgel,Transit Cargo Services Inc,53597 W Clarendon Ave,Halton,NSW,2311,02-2501-8301,0444-376-606,fgudgel@gudgel.com.au,http://www.transitcargoservicesinc.com.au,Toys,
0481,Marsha,Farnham,Comfort Inn Of Revere,577 Cleveland Ave,Glenmore Park,NSW,2745,02-5402-8024,0470-386-894,marsha@farnham.com.au,http://www.comfortinnofrevere.com.au,Groceries,
0482,Josefa,Oakland,Duncan & Associates,259 1st Ave,Mccutcheon,QLD,4856,07-5404-6221,0493-826-469,josefa_oakland@oakland.com.au,http://www.duncanassociates.com.au,Computers,
0483,Deeann,Nicklous,Philip Kingsley Trichological,79 Mechanic St,Pimpimbudgee,QLD,4615,07-6382-5073,0440-980-784,deeann_nicklous@gmail.com,http://www.philipkingsleytrichological.com.au,Computers,
0484,Jeannetta,Vonstaden,Burlington Homes Of Maine,269 Executive Dr,Ilford,NSW,2850,02-8222-9319,0435-530-318,jvonstaden@gmail.com,http://www.burlingtonhomesofmaine.com.au,Computers,
0485,Desmond,Amuso,"Carson, Scott W Esq",79 Runamuck Pl,Caparra,NSW,2429,02-1706-8506,0427-106-677,desmond@hotmail.com,http://www.carsonscottwesq.com.au,Appliances,
0486,Trina,Bakey,Dewitt Cnty Fed Svngs & Ln,31 Guilford Rd #7904,Duaringa,QLD,4712,07-5922-1983,0495-376-112,tbakey@bakey.com.au,http://www.dewittcntyfedsvngsln.com.au,Appliances,
0487,Ramonita,Picotte,Art Material Services Inc,504 Steve Dr,Weston,NSW,2326,02-4360-8467,0479-654-997,ramonita_picotte@yahoo.com,http://www.artmaterialservicesinc.com.au,Toys,
0488,Temeka,Bodine,Consolidated Manufacturing Inc,407 E 57th Ave,Clunes,NSW,2480,02-2581-7479,0452-835-388,temeka.bodine@gmail.com,http://www.consolidatedmanufacturinginc.com.au,Electronics,
0489,Bea,Iida,Reliance Credit Union,72 W Ripley Ave,Oakey,QLD,4401,07-6984-9278,0493-653-304,bea_iida@iida.net.au,http://www.reliancecreditunion.com.au,Groceries,
0490,Soledad,Mockus,Sinclair Machine Products Inc,75 Elm Rd #1190,Barton,ACT,2600,02-1291-8182,0444-126-746,soledad_mockus@yahoo.com,http://www.sinclairmachineproductsinc.com.au,Toys,
0491,Margurite,Okon,"Kent, Wendy M Esq",32 Broadway St,Lanena,TAS,7275,03-9721-7313,0442-360-982,margurite.okon@hotmail.com,http://www.kentwendymesq.com.au,Electronics,
0492,Artie,Saine,"Dixon, Eric D Esq",41 Washington Blvd,Cora Lynn,VIC,3814,03-3457-2524,0433-550-202,artie_saine@yahoo.com,http://www.dixonericdesq.com.au,Appliances,
0493,Major,Studwell,Wood Sign & Banner Co,5 Buford Hwy Ne #3,Allora,QLD,4362,07-1377-6898,0426-784-480,major@gmail.com,http://www.woodsignbannerco.com.au,Computers,
0494,Veronika,Buchauer,"Adkins, Russell Esq",6 Flex Ave,Willow Tree,NSW,2339,02-4202-5191,0434-402-895,veronika.buchauer@buchauer.net.au,http://www.adkinsrussellesq.com.au,Electronics,
0495,Christene,Cisney,Danform Shoe Stores,21058 Massillon Rd,Keilor Downs,VIC,3038,03-3630-2467,0451-465-174,christene@hotmail.com,http://www.danformshoestores.com.au,Electronics,
0496,Miles,Feldner,Antietam Cable Television,28465 Downey Ave #4238,Barringun,QLD,4490,07-8561-5894,0475-337-188,miles@hotmail.com,http://www.antietamcabletelevision.com.au,Groceries,
0497,Julio,Mikel,Lombardi Bros Inc,2803 N Catalina Ave,Pilliga,NSW,2388,02-6995-9902,0464-594-316,julio.mikel@mikel.net.au,http://www.lombardibrosinc.com.au,Toys,
0498,Aide,Ghera,Nathaniel Electronics,22 Livingston Ave,Rhodes,NSW,2138,02-3738-7508,0443-448-467,aide.ghera@ghera.com.au,http://www.nathanielelectronics.com.au,Computers,
0499,Noelia,Brackett,"Rodriguez, Joseph A Esq",403 Conn Valley Rd,Castletown,WA,6450,08-3773-3770,0454-135-614,noelia@brackett.net.au,http://www.rodriguezjosephaesq.com.au,Electronics,
0500,Lenora,Delacruz,"Stilling, William J Esq",5400 Market St,Turill,NSW,2850,02-7862-5151,0454-434-110,lenora@delacruz.net.au,http://www.stillingwilliamjesq.com.au,Toys,
